交易ID,标的,市场,策略ID,周期,方向,入场时间(UTC),退场时间(UTC),持有天数,入场价,退场价,交易收益率,置信度,仓位占比,杠杆,名义仓位(USD),预估费用(USD),单笔盈亏(USD),交易前权益(USD),交易后权益(USD),可用购买力(USD),可成交性校验
INV-0001,ETHUSDT,CRYPTO,MOM_TIGHT,1d,LONG,2025-06-01T22:55:18Z,2025-06-04T09:56:33Z,2.4592013889,2364.7940608594,2480.8634488264,0.0490822393,0.1709369485,0.0571305952,1.2,17139.178564924,20.5670142779,841.2292635598,300000,300841.2292635597,285717.3511958967,PASS_SOURCE_BAR_PRICE
INV-0002,ETHUSDT,CRYPTO,CR_CARRY,1d,LONG,2025-06-01T22:45:20Z,2025-06-04T08:43:31Z,2.4154050926,2364.7940608594,2493.7600474894,0.0545358214,0.1709369485,0.0512305952,1.2,15412.2752408096,18.494730289,840.5210904163,300841.2292635597,301681.750353976,287997.666562885,PASS_SOURCE_BAR_PRICE
INV-0003,ETHUSDT-PERP,FUTURES,MOM_TIGHT,1d,LONG,2025-06-01T23:55:48Z,2025-06-04T09:34:42Z,2.4020138889,2366.9203431592,2485.0114798808,0.0498923156,0.1718161345,0.0536780713,1.35,16193.6944946686,24.290541742,807.9409161885,301681.750353976,302489.6912701646,289686.4210986659,PASS_SOURCE_BAR_PRICE
INV-0004,ETHUSDT-PERP,FUTURES,MOM_SWING,1d,SHORT,2025-06-01T23:36:27Z,2025-06-08T10:05:20Z,6.436724537,2366.9203431592,2339.3423809358,0.0116514112,0.8281838655,0.0850219287,1.35,25718.2569744266,38.5773854616,299.6539876566,302489.6912701646,302789.3452578211,283439.1305483671,PASS_SOURCE_BAR_PRICE
INV-0005,ETHUSDT,CRYPTO,CR_CARRY,1d,SHORT,2025-06-01T23:39:53Z,2025-06-04T10:09:39Z,2.437337963,2364.7940608594,2493.7600474894,-0.0545358214,0.8290630515,0.0883694048,1.2,26757.3142152456,32.1087770583,-1459.2321100819,302789.3452578211,301330.1131477393,280491.5834117832,PASS_SOURCE_BAR_PRICE
INV-0006,ETHUSDT-PERP,FUTURES,MOM_FAST,1d,LONG,2025-06-07T22:34:36Z,2025-06-09T08:52:55Z,1.4293865741,2353.4064888265,2483.3480224205,0.0552142327,0.1734565507,0.0441666537,1.35,13308.7427680826,19.9631141521,734.8320206063,301330.1131477393,302064.9451683455,291471.7851713818,PASS_SOURCE_BAR_PRICE
INV-0007,ETHUSDT,CRYPTO,MOM_FAST,1d,LONG,2025-06-07T23:49:34Z,2025-06-09T09:33:12Z,1.4053009259,2351.2155473031,2478.789960073,0.0542589185,0.1734544991,0.046066543,1.2,13915.0877704427,16.6981053245,755.0176133328,302064.9451683455,302819.9627816783,290469.0386929766,PASS_SOURCE_BAR_PRICE
INV-0008,ETHUSDT-PERP,FUTURES,MOM_TIGHT,1d,LONG,2025-06-07T22:47:28Z,2025-06-09T09:31:07Z,1.4469791667,2353.4064888265,2470.3538690611,0.0496928095,0.1734565507,0.0467666537,1.35,14161.8763442181,21.2428145163,703.7434227897,302819.9627816783,303523.706204468,292329.6840081834,PASS_SOURCE_BAR_PRICE
INV-0009,ETHUSDT,CRYPTO,MOM_TIGHT,1d,SHORT,2025-06-07T22:49:05Z,2025-06-09T09:53:46Z,1.4615856481,2351.2155473031,2466.032518796,-0.0488330267,0.8265455009,0.088833457,1.2,26963.0601186149,32.3556721423,-1316.6878334704,303523.706204468,302207.0183709976,281054.4894389556,PASS_SOURCE_BAR_PRICE
INV-0010,ETHUSDT-PERP,FUTURES,MOM_FAST,1d,SHORT,2025-06-07T23:42:40Z,2025-06-09T09:47:11Z,1.4198032407,2353.4064888265,2483.3480224205,-0.0552142327,0.8265434493,0.0826333463,1.35,24972.3771920036,37.458565788,-1378.8306462238,302207.0183709976,300828.1877247738,283708.9611917357,PASS_SOURCE_BAR_PRICE
INV-0011,ETHUSDT,CRYPTO,CR_CARRY,1d,SHORT,2025-06-07T23:24:49Z,2025-06-09T08:43:55Z,1.3882638889,2351.2155473031,2478.789960073,-0.0542589185,0.8265455009,0.079033457,1.2,23775.4916538202,28.5305899846,-1290.0324640719,300828.1877247738,299538.155260702,281015.278013257,PASS_SOURCE_BAR_PRICE
INV-0012,ETHUSDT-PERP,FUTURES,MOM_TIGHT,1d,SHORT,2025-06-07T23:42:28Z,2025-06-09T08:40:07Z,1.3733680556,2353.4064888265,2470.3538690611,-0.0496928095,0.8265434493,0.0760333463,1.35,22774.8882777628,34.1623324166,-1131.7481836924,299538.155260702,298406.4070770096,282667.8676475444,PASS_SOURCE_BAR_PRICE
INV-0013,ETHUSDT-PERP,FUTURES,MOM_TIGHT,1d,LONG,2025-06-08T23:51:33Z,2025-06-09T09:41:01Z,0.4093518519,2339.3423809358,2451.8178628018,0.0480799573,0.1739022716,0.0559907227,1.35,16707.9903805093,25.0619855708,803.3194646387,298406.4070770096,299209.7265416483,286030.1179062619,PASS_SOURCE_BAR_PRICE
INV-0014,ETHUSDT,CRYPTO,MOM_FAST,1d,LONG,2025-06-08T23:56:54Z,2025-06-09T09:35:28Z,0.4017824074,2337.4321453392,2459.7557143591,0.0523324578,0.1746726009,0.0591323204,1.2,17692.965431385,21.2315585177,925.9163661409,299209.7265416483,300135.6429077892,284465.5886821608,PASS_SOURCE_BAR_PRICE
INV-0015,ETHUSDT-PERP,FUTURES,MOM_FAST,1d,LONG,2025-06-08T23:32:26Z,2025-06-09T08:55:29Z,0.3910069444,2339.3423809358,2464.3151385647,0.0534221748,0.1739022716,0.0436907227,1.35,13113.1431365694,19.6697147049,700.5326250293,300135.6429077892,300836.1755328185,290422.2035473674,PASS_SOURCE_BAR_PRICE
INV-0016,ETHUSDT,CRYPTO,MOM_FAST,1d,SHORT,2025-06-08T22:27:21Z,2025-06-09T09:51:20Z,0.4749884259,2337.4321453392,2459.7557143591,-0.0523324578,0.8253273991,0.0925676796,1.2,27847.7066940033,33.4172480328,-1457.3389343614,300836.1755328185,299378.8365984571,277629.7532878157,PASS_SOURCE_BAR_PRICE
INV-0017,ETHUSDT-PERP,FUTURES,MOM_TIGHT,1d,SHORT,2025-06-08T22:36:53Z,2025-06-09T08:54:21Z,0.4287962963,2339.3423809358,2451.8178628018,-0.0480799573,0.8260977284,0.0832092773,1.35,24911.096642348,37.3666449635,-1197.7244637176,299378.8365984571,298181.1121347394,280926.1724189401,PASS_SOURCE_BAR_PRICE
INV-0018,ETHUSDT-PERP,FUTURES,MOM_FAST,1d,LONG,2025-06-09T23:42:48Z,2025-06-10T09:34:01Z,0.4105671296,2498.6361228283,2629.1627168875,0.0522391367,0.210543756,0.0587693628,1.35,17523.9139668718,26.2858709503,915.4341377619,298181.1121347394,299096.5462725013,285200.4351222417,PASS_SOURCE_BAR_PRICE
INV-0019,ETHUSDT,CRYPTO,MOM_FAST,1d,LONG,2025-06-09T23:36:02Z,2025-06-10T09:00:25Z,0.3919328704,2496.0343990183,2624.0066634398,0.0512702327,0.2104543584,0.0464645354,1.2,13897.3820480578,16.6768584577,712.5220112835,299096.5462725013,299809.0682837848,287515.3945657865,PASS_SOURCE_BAR_PRICE
INV-0020,ETHUSDT-PERP,FUTURES,MOM_FAST,1d,SHORT,2025-06-09T23:28:36Z,2025-06-10T09:30:13Z,0.4177893519,2498.6361228283,2629.1627168875,-0.0522391367,0.789456244,0.0744306372,1.35,22314.9799829404,33.4724699744,-1165.7152904582,299809.0682837848,298643.3529933266,283279.4534816067,PASS_SOURCE_BAR_PRICE
INV-0021,ETHUSDT,CRYPTO,MOM_TIGHT,1d,LONG,2025-06-14T22:27:00Z,2025-06-16T09:42:22Z,1.4690046296,2356.9244833868,2476.2829332798,0.0506416097,0.1789131107,0.047661308,1.2,14233.7328226863,17.0804793872,720.8191428627,298643.3529933266,299364.1721361894,286781.9089744214,PASS_SOURCE_BAR_PRICE
INV-0022,ETHUSDT-PERP,FUTURES,MOM_TIGHT,1d,LONG,2025-06-14T22:50:34Z,2025-06-16T08:35:40Z,1.4063194444,2359.2447723409,2480.5369437619,0.0514114402,0.1789564944,0.0503636507,1.35,15077.0725969166,22.6156088954,775.134015509,299364.1721361894,300139.3061516983,288195.9702125475,PASS_SOURCE_BAR_PRICE
INV-0023,ETHUSDT-PERP,FUTURES,MOM_FAST,1d,SHORT,2025-06-14T22:39:53Z,2025-06-16T08:44:22Z,1.4197800926,2359.2447723409,2494.0138516976,-0.0571238224,0.8210435056,0.0799363493,1.35,23992.0404158486,35.9880606238,-1370.5170555599,300139.3061516983,298768.7890961384,282367.4243621808,PASS_SOURCE_BAR_PRICE
INV-0024,ETHUSDT-PERP,FUTURES,MOM_TIGHT,1d,SHORT,2025-06-14T23:31:02Z,2025-06-16T09:33:32Z,1.4184027778,2359.2447723409,2480.5369437619,-0.0514114402,0.8210435056,0.0774363493,1.35,23135.5643130304,34.7033464695,-1189.4326801008,298768.7890961384,297579.3564160376,281631.3340494492,PASS_SOURCE_BAR_PRICE
INV-0025,ETHUSDT,CRYPTO,MOM_TIGHT,1d,SHORT,2025-06-14T23:35:05Z,2025-06-16T09:37:38Z,1.4184375,2356.9244833868,2476.2829332798,-0.0506416097,0.8210868893,0.085538692,1.2,25454.5489204879,30.5454587046,-1289.0593327408,297579.3564160376,296290.2970832968,276367.232315631,PASS_SOURCE_BAR_PRICE
INV-0026,ETHUSDT,CRYPTO,MOM_TIGHT,1d,LONG,2025-06-15T23:53:07Z,2025-06-16T08:39:38Z,0.3656365741,2372.6170727849,2487.4917420867,0.0484168603,0.178252767,0.0449256494,1.2,13311.0340130473,15.9732408157,644.4784739407,296290.2970832968,296934.7755572375,285197.7687390907,PASS_SOURCE_BAR_PRICE
INV-0027,ETHUSDT-PERP,FUTURES,MOM_TIGHT,1d,LONG,2025-06-15T22:53:36Z,2025-06-16T09:01:29Z,0.4221412037,2374.7824406074,2491.5705625774,0.049178451,0.1783686263,0.0444319058,1.35,13193.3779821612,19.7900669732,648.8298930585,296934.7755572375,297583.605450296,287161.9029778588,PASS_SOURCE_BAR_PRICE
INV-0028,ETHUSDT,CRYPTO,MOM_FAST,1d,SHORT,2025-06-15T22:33:39Z,2025-06-19T08:49:21Z,3.4275694444,2372.6170727849,2347.9466458914,0.0103979809,0.821747233,0.0782743506,1.2,23293.1634601426,27.9517961522,242.201867656,297583.605450296,297825.807317952,278172.6359001772,PASS_SOURCE_BAR_PRICE
INV-0029,BTCUSDT-PERP,FUTURES,MOM_SWING,1d,SHORT,2025-06-15T23:32:38Z,2025-06-22T09:32:31Z,6.4165856481,104782.432185321,99176.1567099441,0.053503964,0.8269615235,0.0915559223,1.35,27267.7164638608,40.9015746958,1458.930918978,297825.807317952,299284.73823693,277627.4988262033,PASS_SOURCE_BAR_PRICE
INV-0030,ETHUSDT-PERP,FUTURES,MOM_FAST,1d,SHORT,2025-06-15T23:26:39Z,2025-06-19T09:06:27Z,3.4026388889,2374.7824406074,2350.4034100859,0.0102657953,0.8216313737,0.0912680942,1.35,27315.1476761262,40.9727215142,280.4117158307,299284.73823693,299565.1499527607,279051.2955138735,PASS_SOURCE_BAR_PRICE
INV-0031,ETHUSDT-PERP,FUTURES,MOM_TIGHT,1d,SHORT,2025-06-15T23:29:45Z,2025-06-16T09:01:01Z,0.396712963,2374.7824406074,2491.5705625774,-0.049178451,0.8216313737,0.0795680942,1.35,23835.8280645686,35.7537420969,-1172.2091033097,299565.1499527607,298392.940849451,281908.9810160432,PASS_SOURCE_BAR_PRICE
INV-0032,ETHUSDT,CRYPTO,MOM_TIGHT,1d,SHORT,2025-06-15T22:37:39Z,2025-06-16T09:41:46Z,0.4611921296,2372.6170727849,2487.4917420867,-0.0484168603,0.821747233,0.0872743506,1.2,26042.0501305586,31.2504601567,-1260.8743024757,298392.940849451,297132.0665469753,276691.2324073188,PASS_SOURCE_BAR_PRICE
INV-0033,ETHUSDT-PERP,FUTURES,MOM_TIGHT,1d,SHORT,2025-06-19T23:50:43Z,2025-06-21T08:28:13Z,1.359375,2350.4034100859,2189.0006460734,0.068670239,0.8011015478,0.0813594836,1.35,24174.5114891064,36.2617672337,1660.0694826477,297132.0665469753,298792.136029623,279225.0209994891,PASS_SOURCE_BAR_PRICE
INV-0034,BTCUSDT-PERP,FUTURES,MOM_TIGHT,1d,SHORT,2025-06-21T22:27:12Z,2025-06-22T09:07:05Z,0.4443634259,101352.2552887028,97549.0835698809,0.037524293,0.8208853112,0.0869278068,1.35,25973.345076011,38.960017614,974.6314095814,298792.136029623,299766.7674392045,279552.6211585038,PASS_SOURCE_BAR_PRICE
INV-0035,PATH,US,MOM_SWING,1d,LONG,2025-06-25T15:26:17Z,2025-07-03T14:10:52Z,7.9476273148,17.7565819974,18.4658935217,0.0399463998,0.1811601101,0.0475826459,1,14263.695960521,9.9845871724,569.7833021078,299766.7674392045,300336.5507413123,285503.0714786835,PASS_SOURCE_BAR_PRICE
INV-0036,XPEV,US,US_BETA,1d,SHORT,2025-06-25T15:11:48Z,2025-06-26T13:52:11Z,0.9447106481,12.9630640409,12.3766627685,0.0452363169,0.8099835663,0.0921391126,1,27672.7432601522,19.3709202821,1251.8129823769,300336.5507413123,301588.3637236891,272663.8074811601,PASS_SOURCE_BAR_PRICE
INV-0037,NIO,US,US_BETA,1d,LONG,2025-06-26T15:19:19Z,2025-06-27T14:39:34Z,0.9723958333,1.7314767829,1.7905584934,0.03412215,0.1931077685,0.0603278195,1,18194.1683694886,12.7359178586,620.8241418017,301588.3637236891,302209.1878654907,283394.1953542005,PASS_SOURCE_BAR_PRICE
INV-0038,JD,US,US_BETA,1d,LONG,2025-06-26T15:16:28Z,2025-06-30T13:48:02Z,3.938587963,27.0349199438,26.2727880901,-0.0281906458,0.1793322078,0.0600839392,1,18157.9184762696,12.7105429334,-511.8834491218,302209.1878654907,301697.3044163689,284051.2693892212,PASS_SOURCE_BAR_PRICE
INV-0039,JD,US,US_BETA,1d,SHORT,2025-06-26T15:09:52Z,2025-06-30T14:00:38Z,3.9519212963,27.0349199438,26.2727880901,0.0281906458,0.8206677922,0.0899160608,1,27127.4331602319,18.9892032122,764.7398610159,301697.3044163689,302462.0442773848,274569.871256137,PASS_SOURCE_BAR_PRICE
INV-0040,JD,US,US_BETA,1d,SHORT,2025-06-27T15:25:02Z,2025-07-01T14:56:30Z,3.9801851852,26.8804811347,26.579731875,0.0111883883,0.8171218712,0.087224581,1,26382.1250934965,18.4674875654,295.1734588628,302462.0442773848,302757.2177362476,276079.9191838883,PASS_SOURCE_BAR_PRICE
INV-0041,ETHUSDT-PERP,FUTURES,MOM_TIGHT,1d,SHORT,2025-06-28T22:45:52Z,2025-07-01T10:04:55Z,2.4715625,2270.7751918027,2241.7236692034,0.0127936586,0.814152994,0.0885642617,1.35,26813.4694564143,40.2202041846,343.0423745553,302757.2177362476,303100.2601108029,282895.3885092741,PASS_SOURCE_BAR_PRICE
INV-0042,ETHUSDT,CRYPTO,MOM_TIGHT,1d,SHORT,2025-06-28T23:36:48Z,2025-07-01T08:51:42Z,2.3853472222,2268.3195602216,2239.8121322409,0.0125676419,0.8137341499,0.0843416441,1.2,25563.9742635128,30.6767691162,321.2788744575,303100.2601108029,303421.5389852604,281796.9482245423,PASS_SOURCE_BAR_PRICE
INV-0043,ETHUSDT-PERP,FUTURES,MOM_FAST,1d,SHORT,2025-06-28T23:39:52Z,2025-07-02T10:03:53Z,3.4333449074,2270.7751918027,2396.6562910368,-0.0554352979,0.814152994,0.0765642617,1.35,23231.2461095269,34.8468691643,-1287.8310487987,303421.5389852604,302133.7079364617,286213.2085337591,PASS_SOURCE_BAR_PRICE
INV-0044,ETHUSDT-PERP,FUTURES,MOM_SWING,1d,LONG,2025-07-01T23:39:22Z,2025-07-02T09:07:39Z,0.3946412037,2241.7236692034,2386.890462394,0.0647567741,0.21097841,0.0484928341,1.35,14651.3197863413,21.9769796795,948.7722053401,302133.7079364617,303082.4801418018,291280.8784650978,PASS_SOURCE_BAR_PRICE
INV-0045,ETHUSDT-PERP,FUTURES,MOM_FAST,1d,LONG,2025-07-01T22:48:19Z,2025-07-02T09:41:46Z,0.4537847222,2241.7236692034,2362.6959968623,0.0539639784,0.21097841,0.0572928341,1.35,17364.454264777,26.0466813972,937.0550348348,303082.4801418018,304019.5351766367,290219.9214271522,PASS_SOURCE_BAR_PRICE
INV-0046,ETHUSDT,CRYPTO,MOM_TIGHT,1d,LONG,2025-07-01T23:47:17Z,2025-07-02T08:38:42Z,0.3690393519,2239.8121322409,2347.1025215444,0.0479015127,0.2109389928,0.0471907056,1.2,14346.8963842502,17.2162756611,687.2380393896,304019.5351766367,304706.7732160263,292063.7881897615,PASS_SOURCE_BAR_PRICE
INV-0047,ETHUSDT,CRYPTO,MOM_FAST,1d,LONG,2025-07-01T23:28:10Z,2025-07-02T09:51:10Z,0.4326388889,2239.8121322409,2359.0236759114,0.053223903,0.2109389928,0.0528907056,1.2,16116.1562395825,19.3393874875,857.7647364706,304706.7732160263,305564.5379524969,291276.6430163741,PASS_SOURCE_BAR_PRICE
INV-0048,ETHUSDT,CRYPTO,CR_CARRY,1d,LONG,2025-07-01T23:38:15Z,2025-07-02T09:57:11Z,0.4298148148,2239.8121322409,2359.0236759114,0.053223903,0.2109389928,0.0560907056,1.2,17139.3305431899,20.5671966518,912.2220663606,305564.5379524969,306476.7600188575,291281.7624998387,PASS_SOURCE_BAR_PRICE
INV-0049,ETHUSDT-PERP,FUTURES,MOM_TIGHT,1d,SHORT,2025-07-01T23:31:56Z,2025-07-02T09:36:28Z,0.4198148148,2241.7236692034,2350.5987640964,-0.0485675806,0.78902159,0.0784071659,1.35,24029.9741557692,36.0449612337,-1167.0777056185,306476.7600188575,305309.682313239,288676.7791627322,PASS_SOURCE_BAR_PRICE
INV-0050,ETHUSDT,CRYPTO,CR_CARRY,1d,SHORT,2025-07-01T22:25:51Z,2025-07-02T09:04:35Z,0.4435648148,2239.8121322409,2359.0236759114,-0.053223903,0.7890610072,0.0921092944,1.2,28121.8594082668,33.7462312899,-1496.7551173989,305309.682313239,303812.9271958401,281874.7994730167,PASS_SOURCE_BAR_PRICE
INV-0051,PDD,US,MOM_SWING,1d,LONG,2025-07-02T15:24:38Z,2025-07-08T15:01:48Z,5.9841435185,106.2868147731,109.9969215316,0.034906557,0.1853140851,0.0519069606,1,15770.0056409188,11.0390039486,550.4766008382,303812.9271958401,304363.4037966784,288042.9215549213,PASS_SOURCE_BAR_PRICE
INV-0052,ETHUSDT,CRYPTO,CR_CARRY,1d,LONG,2025-07-03T22:54:45Z,2025-07-09T09:48:57Z,5.4543055556,2413.2594823595,2536.5424299473,0.0510856576,0.2111949803,0.0546045289,1.2,16619.6202905471,19.9435443487,849.0242314125,304363.4037966784,305212.4280280909,290513.7202212224,PASS_SOURCE_BAR_PRICE
INV-0053,PDD,US,MOM_SWING,1d,LONG,2025-07-03T15:02:29Z,2025-07-08T15:10:35Z,5.005625,105.8983470457,109.4696251698,0.0337236437,0.1826773685,0.0632645779,1,19309.1354279055,13.5163947995,651.1744033006,305212.4280280909,305863.6024313914,285903.2926001853,PASS_SOURCE_BAR_PRICE
INV-0054,ETHUSDT,CRYPTO,CR_CARRY,1d,SHORT,2025-07-03T22:29:05Z,2025-07-09T09:37:17Z,5.4640277778,2413.2594823595,2536.5424299473,-0.0510856576,0.7888050197,0.0837954711,1.2,25629.9846461943,30.7559815754,-1309.324619632,305863.6024313914,304554.2778117594,284505.2818928962,PASS_SOURCE_BAR_PRICE
INV-0055,ETHUSDT,CRYPTO,CR_CARRY,1d,LONG,2025-07-04T23:52:57Z,2025-07-09T10:04:04Z,4.4243865741,2335.7650987503,2458.8188300781,0.0526824086,0.1886496192,0.0509870794,1.2,15528.3331557688,18.6339997869,818.0699922006,304554.2778117594,305372.34780396,291614.0001819521,PASS_SOURCE_BAR_PRICE
INV-0056,ETHUSDT-PERP,FUTURES,MOM_FAST,1d,SHORT,2025-07-04T23:35:24Z,2025-07-08T10:03:37Z,3.4362615741,2337.9807365379,2437.8750731544,-0.0427267578,0.8115279056,0.0810225069,1.35,24742.0331578033,37.1130497367,-1057.1468576356,305372.34780396,304315.2009463244,287044.9158352169,PASS_SOURCE_BAR_PRICE
INV-0057,ETHUSDT,CRYPTO,CR_CARRY,1d,SHORT,2025-07-04T22:41:49Z,2025-07-09T10:04:32Z,4.4741087963,2335.7650987503,2458.8188300781,-0.0526824086,0.8113503808,0.0842129206,1.2,25627.2718433038,30.752726212,-1350.1064065712,304315.2009463244,302965.0945397533,282959.1410769045,PASS_SOURCE_BAR_PRICE
INV-0058,ETHUSDT,CRYPTO,MOM_FAST,1d,LONG,2025-07-05T22:31:29Z,2025-07-09T08:31:52Z,3.4169328704,2343.5601713475,2460.6089701586,0.049944866,0.1758668828,0.0428968117,1.2,12996.2366039,15.5954839247,649.0952961864,302965.0945397533,303614.1898359397,292134.8973698366,PASS_SOURCE_BAR_PRICE
INV-0059,ETHUSDT-PERP,FUTURES,MOM_FAST,1d,LONG,2025-07-05T22:48:15Z,2025-07-09T09:38:03Z,3.45125,2345.8055286601,2464.5026516285,0.0505997285,0.1760009119,0.0432040492,1.35,13117.3624090459,19.6760436136,663.7349771175,303614.1898359397,304277.9248130572,293897.6250884983,PASS_SOURCE_BAR_PRICE
INV-0060,ETHUSDT,CRYPTO,CR_CARRY,1d,SHORT,2025-07-05T23:54:52Z,2025-07-09T09:09:07Z,3.3848958333,2343.5601713475,2460.6089701586,-0.049944866,0.8241331172,0.0881031883,1.2,26807.8553136182,32.1694263763,-1338.914742418,304277.9248130572,302939.0100706391,281938.045385042,PASS_SOURCE_BAR_PRICE
INV-0061,ETHUSDT,CRYPTO,MOM_FAST,1d,SHORT,2025-07-05T23:27:17Z,2025-07-09T08:51:04Z,3.3915162037,2343.5601713475,2460.6089701586,-0.049944866,0.8241331172,0.0923031883,1.2,27962.2364982095,33.5546837979,-1396.5701560398,302939.0100706391,301542.4399145994,279637.1463221312,PASS_SOURCE_BAR_PRICE
INV-0062,ETHUSDT,CRYPTO,CR_CARRY,1d,LONG,2025-07-06T23:36:27Z,2025-07-09T08:29:36Z,2.3702430556,2393.7950836402,2509.2352583052,0.0482247522,0.1757078979,0.0487882265,1.2,14711.7208538149,17.6540650246,709.4690922352,301542.4399145994,302251.9090068346,289282.6725364203,PASS_SOURCE_BAR_PRICE
INV-0063,ETHUSDT-PERP,FUTURES,MOM_TIGHT,1d,LONG,2025-07-06T23:22:46Z,2025-07-09T08:39:14Z,2.3864351852,2396.0651290734,2501.5470918207,0.0440229948,0.1758582085,0.0507963433,1.35,15353.2917209504,23.0299375814,675.8978817844,302251.9090068346,302927.806888619,290879.1003246491,PASS_SOURCE_BAR_PRICE
INV-0064,ETHUSDT-PERP,FUTURES,MOM_TIGHT,1d,SHORT,2025-07-06T22:26:58Z,2025-07-09T10:01:02Z,2.4819907407,2396.0651290734,2501.5470918207,-0.0440229948,0.8241417915,0.0894036567,1.35,27082.8536640221,40.624280496,-1192.2683263558,302927.806888619,301735.5385622631,282866.4338041582,PASS_SOURCE_BAR_PRICE
INV-0065,MDB,US,MOM_SWING,1d,SHORT,2025-07-08T15:19:20Z,2025-07-10T14:48:03Z,1.978275463,275.3716767716,287.1548810562,-0.0427901824,0.8195810528,0.0912573769,1,27535.5937517064,19.2749156262,-1178.2530799027,301735.5385622631,300557.2854823604,274199.9448105568,PASS_SOURCE_BAR_PRICE
INV-0066,BILI,US,MOM_SWING,1d,LONG,2025-07-09T15:06:00Z,2025-07-15T14:06:27Z,5.9586458333,15.9876111817,16.6356928931,0.0405364944,0.1765606941,0.0495342775,1,14887.8879786064,10.421521585,603.5027879606,300557.2854823604,301160.788270321,285669.397503754,PASS_SOURCE_BAR_PRICE
INV-0067,CLOV,US,US_MICRO,1d,SHORT,2025-07-09T15:15:38Z,2025-07-11T14:18:12Z,1.9601157407,1.9257564608,1.7946653824,0.0680725113,0.8229723535,0.0863405071,1,26002.3751741982,18.2016626219,1770.0469774974,301160.788270321,302930.8352478184,275158.4130961228,PASS_SOURCE_BAR_PRICE
INV-0068,CLOV,US,US_BETA,1d,SHORT,2025-07-09T15:15:11Z,2025-07-11T15:15:12Z,2.0000115741,1.9257564608,1.8103963118,0.0599038099,0.8229723535,0.0969405071,1,29366.2687814313,20.556388147,1759.1513834745,302930.8352478184,304689.9866312929,273564.5664663871,PASS_SOURCE_BAR_PRICE
INV-0069,CLOV,US,MOM_SWING,1d,SHORT,2025-07-09T15:05:20Z,2025-07-18T14:44:05Z,8.9852430556,1.9257564608,1.7860328059,0.072555205,0.8229723535,0.0824405071,1,25118.7970024357,17.5831579017,1822.4994670537,304689.9866312929,306512.4860983466,279571.1896288572,PASS_SOURCE_BAR_PRICE
INV-0070,BILI,US,MOM_SWING,1d,SHORT,2025-07-09T15:06:40Z,2025-07-15T15:07:07Z,6.0003125,15.9876111817,16.6356928931,-0.0405364944,0.8234393059,0.0924657225,1,28341.8984875799,19.8393289413,-1148.8812098755,306512.4860983466,305363.6048884711,278170.5876107666,PASS_SOURCE_BAR_PRICE
INV-0071,RIVN,US,MOM_SWING,1d,SHORT,2025-07-10T15:20:19Z,2025-07-16T14:59:06Z,5.9852662037,16.1645605475,14.8386805431,0.0820238818,0.8170742992,0.0970220122,1,29626.9913849803,20.7388939695,2430.1208407407,305363.6048884711,307793.7257292118,275736.6135034907,PASS_SOURCE_BAR_PRICE
INV-0072,ETHUSDT-PERP,FUTURES,MOM_SWING,1d,LONG,2025-07-12T23:50:47Z,2025-07-15T08:32:24Z,2.3622337963,2743.6854827947,2891.2642536681,0.0537885161,0.1791330396,0.0569731841,1.35,17535.9886121044,26.3039829182,943.2348064867,307793.7257292118,308736.9605356985,294804.1045350604,PASS_SOURCE_BAR_PRICE
INV-0073,ETHUSDT-PERP,FUTURES,MOM_FAST,1d,LONG,2025-07-12T23:32:33Z,2025-07-14T09:39:34Z,1.4215393519,2743.6854827947,2866.6677918559,0.0448237634,0.1791330396,0.0412731841,1.35,12742.5574220081,19.113836133,571.1693796283,308736.9605356985,309308.1299153268,299298.0291119888,PASS_SOURCE_BAR_PRICE
INV-0074,ETHUSDT-PERP,FUTURES,MOM_FAST,1d,SHORT,2025-07-12T23:31:25Z,2025-07-14T09:04:02Z,1.397650463,2743.6854827947,2866.6677918559,-0.0448237634,0.8208669604,0.0875268159,1.35,27072.7557321073,40.6091335982,-1213.5027988675,309308.1299153268,308094.6271164594,289254.2367804325,PASS_SOURCE_BAR_PRICE
INV-0075,BABA,US,MOM_SWING,1d,LONG,2025-07-16T15:13:29Z,2025-07-18T15:07:22Z,1.9957523148,92.2998985991,95.398167272,0.0335674114,0.1809416772,0.0631708506,1,19462.5996509722,13.6238197557,653.3090903319,308094.6271164594,308747.9362067913,288632.0274654871,PASS_SOURCE_BAR_PRICE
INV-0076,CRWD,US,MOM_SWING,1d,LONG,2025-07-17T15:08:31Z,2025-07-21T14:10:05Z,3.9594212963,481.6459170174,500.0508438624,0.0382125669,0.1845759876,0.0634671033,1,19595.3371700644,13.716736019,748.7881333058,308747.9362067913,309496.7243400971,289152.5990367268,PASS_SOURCE_BAR_PRICE
INV-0077,CRWD,US,MOM_SWING,1d,SHORT,2025-07-17T15:04:19Z,2025-07-21T15:16:17Z,4.0083101852,481.6459170174,500.0508438624,-0.0382125669,0.8154240124,0.0939328967,1,29071.9238272383,20.3503466791,-1110.9128352975,309496.7243400971,308385.8115047996,280424.8005128588,PASS_SOURCE_BAR_PRICE
INV-0078,RIVN,US,US_BETA,1d,LONG,2025-07-21T15:09:59Z,2025-07-22T13:45:16Z,0.9411689815,16.6257116742,17.253908405,0.0377846521,0.1832056788,0.0527931067,1,16280.6450383821,11.3964515269,615.1585080638,308385.8115047996,309000.9700128633,292105.1664664175,PASS_SOURCE_BAR_PRICE
INV-0079,RIVN,US,US_BETA,1d,SHORT,2025-07-21T15:23:51Z,2025-07-22T15:04:44Z,0.986724537,16.6257116742,17.253908405,-0.0377846521,0.8167943212,0.0866068933,1,26761.6140526837,18.7331298369,-1011.1782755055,309000.9700128633,307989.7917373579,282239.3559601797,PASS_SOURCE_BAR_PRICE
INV-0080,APP,US,US_BETA,1d,SHORT,2025-07-25T15:17:00Z,2025-07-29T15:17:40Z,4.000462963,243.4883674406,253.2307365055,-0.0400116407,0.8180288695,0.084173559,1,25924.5968921144,18.1472178245,-1037.2856553137,307989.7917373579,306952.5060820443,282065.1948452435,PASS_SOURCE_BAR_PRICE
INV-0081,BTCUSDT-PERP,FUTURES,MOM_SWING,1d,SHORT,2025-07-27T23:51:22Z,2025-08-01T09:07:15Z,4.3860300926,118572.2437176099,112889.6022176033,0.0479255627,0.8075313163,0.0807066911,1.35,24773.1210852784,37.1596816279,1187.2657676881,306952.5060820443,308139.7718497324,288602.0460188751,PASS_SOURCE_BAR_PRICE
INV-0082,APP,US,US_BETA,1d,LONG,2025-07-29T15:21:21Z,2025-07-31T14:51:44Z,1.9794328704,241.8100135046,251.3720196212,0.0395434663,0.1858287191,0.0510347508,1,15725.8364768384,11.0080855338,621.8540845433,308139.7718497324,308761.6259342757,292413.935372894,PASS_SOURCE_BAR_PRICE
INV-0083,CAVA,US,US_BETA,1d,LONG,2025-07-29T15:04:48Z,2025-07-30T13:47:27Z,0.9462847222,78.7322858676,81.3832902622,0.0336711219,0.1798028254,0.0551093526,1,17015.6533039634,11.9109573128,572.9361365421,308761.6259342757,309334.5620708177,291745.9726303123,PASS_SOURCE_BAR_PRICE
INV-0084,CAVA,US,MOM_FAST,1d,LONG,2025-07-29T15:04:16Z,2025-07-30T13:38:29Z,0.9404282407,78.7322858676,81.8511145671,0.0396130846,0.1798028254,0.0505093526,1,15624.2884579869,10.9370019206,618.9262602483,309334.5620708177,309953.488331066,293710.2736128308,PASS_SOURCE_BAR_PRICE
INV-0085,BILL,US,US_BETA,1d,SHORT,2025-07-29T15:14:57Z,2025-07-31T14:49:19Z,1.9821990741,62.4959732621,60.227613147,0.0362961003,0.8216558277,0.0901694147,1,27948.3246265602,19.5638272386,1014.4151943894,309953.488331066,310967.9035254554,282005.1637045058,PASS_SOURCE_BAR_PRICE
INV-0086,CAVA,US,MOM_FAST,1d,SHORT,2025-07-29T15:17:00Z,2025-07-30T13:59:25Z,0.9461226852,78.7322858676,81.8511145671,-0.0396130846,0.8201971746,0.0902906474,1,28077.4933389963,19.6542453373,-1112.2361185394,310967.9035254554,309855.667406916,282890.410186459,PASS_SOURCE_BAR_PRICE
INV-0087,ETHUSDT,CRYPTO,MOM_TIGHT,1d,LONG,2025-08-02T22:45:17Z,2025-08-04T08:34:29Z,1.4091666667,3160.8134636021,3309.1650468642,0.0469346214,0.181293492,0.0575898486,1.2,17844.5409640809,21.4134491569,837.5267743859,309855.667406916,310693.1941813019,294985.2166035153,PASS_SOURCE_BAR_PRICE
INV-0088,ETHUSDT-PERP,FUTURES,MOM_TIGHT,1d,SHORT,2025-08-02T22:47:22Z,2025-08-04T09:40:18Z,1.4534259259,3163.8833481909,3314.150138087,-0.0474944154,0.8183840149,0.0902927368,1.35,28053.3388087658,42.0800082131,-1332.3769256759,310693.1941813019,309360.817255626,289912.9432118458,PASS_SOURCE_BAR_PRICE
INV-0089,ETHUSDT,CRYPTO,MOM_FAST,1d,SHORT,2025-08-05T23:51:24Z,2025-08-07T08:49:19Z,1.3735532407,3363.895127943,3532.3988893998,-0.0500918593,0.7957994031,0.0821731678,1.2,25421.1583378179,30.5053900054,-1273.3930867606,309360.817255626,308087.4241688655,288176.5186407778,PASS_SOURCE_BAR_PRICE
INV-0090,ETHUSDT,CRYPTO,CR_CARRY,1d,LONG,2025-08-06T22:37:13Z,2025-08-07T09:05:58Z,0.4366319444,3430.3069113244,3595.7159400997,0.048219892,0.2001802987,0.0554097361,1.2,17071.0428788413,20.4852514546,823.1638438675,308087.4241688655,308910.588012733,293861.5551031645,PASS_SOURCE_BAR_PRICE
INV-0091,MU,US,MOM_SWING,1d,SHORT,2025-08-06T15:11:06Z,2025-08-07T15:04:01Z,0.9950810185,121.5016866053,126.5961118028,-0.0419288435,0.8113433296,0.0931125398,1,28763.4494208745,20.1344145946,-1206.0181680677,308910.588012733,307704.5698446652,280147.1385918585,PASS_SOURCE_BAR_PRICE
INV-0092,ETHUSDT-PERP,FUTURES,MOM_FAST,1d,SHORT,2025-08-06T23:23:07Z,2025-08-07T08:44:41Z,0.3899768519,3433.2184753638,3600.3735181239,-0.0486875636,0.7996207105,0.0734795184,1.35,22609.9835920857,33.9149753881,-1100.8250133973,307704.5698446652,306603.7448312679,290956.4338505277,PASS_SOURCE_BAR_PRICE
INV-0093,ETHUSDT,CRYPTO,MOM_FAST,1d,SHORT,2025-08-06T22:54:22Z,2025-08-07T10:02:04Z,0.4636805556,3430.3069113244,3595.7159400997,-0.048219892,0.7998197013,0.0762902639,1.2,23390.8805960378,28.0690567152,-1127.9057360195,306603.7448312679,305475.8390952484,287111.3443345698,PASS_SOURCE_BAR_PRICE
INV-0094,ETHUSDT,CRYPTO,MOM_FAST,1d,LONG,2025-08-08T23:24:11Z,2025-08-09T08:54:58Z,0.3963773148,3734.0912279866,3906.7244838348,0.0462316653,0.2113857205,0.0499148289,1.2,15247.7742438014,18.2973290926,704.929995394,305475.8390952484,306180.7690906425,292769.3605587473,PASS_SOURCE_BAR_PRICE
INV-0095,ETHUSDT-PERP,FUTURES,MOM_TIGHT,1d,LONG,2025-08-08T22:24:13Z,2025-08-09T08:33:59Z,0.4234490741,3738.9729270151,3895.8996511535,0.041970543,0.2108084487,0.0569836562,1.35,17447.2996895855,26.1709495344,732.2726424587,306180.7690906425,306913.0417331012,293256.8433946532,PASS_SOURCE_BAR_PRICE
INV-0096,ETHUSDT,CRYPTO,CR_CARRY,1d,LONG,2025-08-08T23:42:06Z,2025-08-09T09:46:07Z,0.4194560185,3734.0912279866,3906.7244838348,0.0462316653,0.2113857205,0.0557148289,1.2,17099.6076096271,20.5195291316,790.5433357524,306913.0417331012,307703.5850688536,292663.3687250786,PASS_SOURCE_BAR_PRICE
INV-0097,ETHUSDT,CRYPTO,MOM_FAST,1d,SHORT,2025-08-08T22:29:11Z,2025-08-09T09:45:58Z,0.4699884259,3734.0912279866,3906.7244838348,-0.0462316653,0.7886142795,0.0870851711,1.2,26796.4193515098,32.1557032218,-1238.8430906704,307703.5850688536,306464.7419781832,285373.2356092621,PASS_SOURCE_BAR_PRICE
INV-0098,ETHUSDT-PERP,FUTURES,MOM_TIGHT,1d,SHORT,2025-08-08T23:39:53Z,2025-08-09T10:02:39Z,0.4324768519,3738.9729270151,3895.8996511535,-0.041970543,0.7891915513,0.0782163438,1.35,23970.5516124631,35.9558274187,-1006.0570680132,306464.7419781832,305458.68491017,288708.7778208031,PASS_SOURCE_BAR_PRICE
INV-0099,ETHUSDT,CRYPTO,CR_CARRY,1d,SHORT,2025-08-08T22:49:21Z,2025-08-09T09:30:11Z,0.4450231481,3734.0912279866,3906.7244838348,-0.0462316653,0.7886142795,0.0875851711,1.2,26753.6511795602,32.1043814155,-1236.8658468594,305458.68491017,304221.8190633106,283163.9755938698,PASS_SOURCE_BAR_PRICE
INV-0100,ETHUSDT,CRYPTO,VOL_BREAK,1d,SHORT,2025-08-08T22:52:33Z,2025-08-09T09:35:58Z,0.4468171296,3734.0912279866,3915.3561466272,-0.0485432486,0.7886142795,0.0821851711,1.2,25002.5222498026,30.0030266998,-1213.7036522976,304221.8190633106,303008.115411013,283386.3838551417,PASS_SOURCE_BAR_PRICE
INV-0101,ETHUSDT-PERP,FUTURES,MOM_FAST,1d,LONG,2025-08-09T23:30:47Z,2025-08-12T10:01:13Z,2.4378009259,3972.177845986,4155.4183556802,0.0461309933,0.1771135539,0.0418641319,1.35,12685.1717142629,19.0277575714,585.1795716623,303008.115411013,303593.2949826752,293611.6919189664,PASS_SOURCE_BAR_PRICE
INV-0102,ETHUSDT,CRYPTO,CR_CARRY,1d,SHORT,2025-08-09T22:46:32Z,2025-08-12T08:48:08Z,2.4177777778,3967.9620321198,4149.5228438514,-0.0457566908,0.8235418457,0.0870712597,1.2,26434.2506207435,31.7211007449,-1209.5438316618,303593.2949826752,302383.7511510134,281564.7527987223,PASS_SOURCE_BAR_PRICE
INV-0103,ETHUSDT-PERP,FUTURES,MOM_FAST,1d,SHORT,2025-08-09T22:54:39Z,2025-08-12T10:01:41Z,2.4632175926,3972.177845986,4155.4183556802,-0.0461309933,0.8228864461,0.0763358681,1.35,23082.7261395293,34.6240892093,-1064.8290854384,302383.7511510134,301318.9220655751,285285.4354921029,PASS_SOURCE_BAR_PRICE
INV-0104,ETHUSDT-PERP,FUTURES,MOM_FAST,1d,SHORT,2025-08-10T23:43:33Z,2025-08-12T09:53:21Z,1.4234722222,3962.5437455542,4144.1530456517,-0.0458314941,0.8250873033,0.0761547144,1.35,22946.8564466627,34.42028467,-1051.688714703,301318.9220655751,300267.2333508721,284321.2506236027,PASS_SOURCE_BAR_PRICE
INV-0105,PATH,US,MOM_FAST,1d,LONG,2025-08-14T15:25:21Z,2025-08-18T13:45:46Z,3.9308449074,15.2789193931,15.7932449443,0.0336624298,0.1895160848,0.0632338686,1,18987.0587729987,13.2909411411,639.1505326995,300267.2333508721,300906.3838835715,281280.1745778734,PASS_SOURCE_BAR_PRICE
INV-0106,BB,US,MOM_SWING,1d,SHORT,2025-08-15T15:26:58Z,2025-08-26T14:42:05Z,10.9688310185,4.4830690051,4.6668013414,-0.0409836066,0.813405644,0.0988239048,1,29736.74382703,20.8157206789,-1218.7190093045,300906.3838835715,299687.664874267,271169.6400565415,PASS_SOURCE_BAR_PRICE
INV-0107,BB,US,MOM_SWING,1d,LONG,2025-08-19T15:06:24Z,2025-08-26T14:09:15Z,6.9603125,4.4830690051,4.6776007661,0.0433925422,0.1886061722,0.0603847333,1,18096.5597157565,12.667591801,785.2557312676,299687.664874267,300472.9206055346,281591.1051585105,PASS_SOURCE_BAR_PRICE
INV-0108,CRWD,US,MOM_SWING,1d,LONG,2025-08-22T15:07:45Z,2025-08-28T14:47:38Z,5.9860300926,431.1265572689,447.5497852801,0.0380937517,0.1812129714,0.0549855005,1,16521.6539127074,11.5651577389,629.3717813371,300472.9206055346,301102.2923868717,283951.2666928272,PASS_SOURCE_BAR_PRICE
INV-0109,SNOW,US,MOM_SWING,1d,LONG,2025-08-22T15:06:49Z,2025-08-28T14:54:32Z,5.9914699074,182.1104392759,189.3193111328,0.0395851654,0.1806216312,0.0611535681,1,18413.4795374558,12.8894356762,728.9006327841,301102.2923868717,301831.1930196558,282688.8128494159,PASS_SOURCE_BAR_PRICE
INV-0110,BTCUSDT,CRYPTO,MOM_FAST,1d,LONG,2025-08-23T22:34:15Z,2025-08-25T10:04:01Z,1.4790046296,114678.4542649134,109585.6540332925,-0.0444093903,0.168428845,0.0507951576,1.2,15331.5630273407,18.3978756328,-680.8653660118,301831.1930196558,301150.327653644,289054.8904968719,PASS_SOURCE_BAR_PRICE
INV-0111,BTCUSDT,CRYPTO,CR_CARRY,1d,SHORT,2025-08-23T23:41:20Z,2025-08-25T09:02:47Z,1.3898958333,114678.4542649134,109585.6540332925,0.0444093903,0.831571155,0.0899048424,1.2,27074.872737119,32.4898472845,1202.3785900373,301150.327653644,302352.7062436813,278587.9337060448,PASS_SOURCE_BAR_PRICE
INV-0112,BTCUSDT-PERP,FUTURES,MOM_TIGHT,1d,SHORT,2025-08-23T22:39:09Z,2025-08-24T09:29:02Z,0.4513078704,114554.7825688352,110608.7967838729,0.0344462771,0.8317949652,0.0783169281,1.35,23679.3351624871,35.5190027437,815.6649408538,302352.7062436813,303168.3711845351,284812.4579751723,PASS_SOURCE_BAR_PRICE
INV-0113,BTCUSDT-PERP,FUTURES,MOM_TIGHT,1d,SHORT,2025-08-24T22:50:32Z,2025-08-25T09:09:27Z,0.4298032407,112637.743796116,108498.2550171253,0.0367504589,0.8247203615,0.0911348995,1.35,27629.2190457652,41.4438285686,1015.3864802125,303168.3711845351,304183.7576647477,282702.2830024868,PASS_SOURCE_BAR_PRICE
INV-0114,ACHR,US,US_BETA,1d,SHORT,2025-08-25T15:10:28Z,2025-08-27T14:14:52Z,1.9613888889,7.641904662,7.4624789389,0.0234791889,0.8108124802,0.0881838739,1,26824.1021381044,18.7768714967,629.8081611935,304183.7576647477,304813.5658259412,277359.6555266433,PASS_SOURCE_BAR_PRICE
INV-0115,PATH,US,MOM_SWING,1d,LONG,2025-08-26T15:04:39Z,2025-08-28T13:59:11Z,1.954537037,15.4070743554,15.9722735408,0.036684394,0.1796994711,0.0546037714,1,16643.9702794587,11.6507791956,610.5739627384,304813.5658259412,305424.1397886795,288169.5955464824,PASS_SOURCE_BAR_PRICE
INV-0116,RIVN,US,US_BETA,1d,LONG,2025-08-26T15:16:49Z,2025-08-28T15:04:38Z,1.9915393519,16.0310694318,16.5528983384,0.0325510977,0.1763954112,0.0549253522,1,16775.5284495948,11.7428699147,546.0618647484,305424.1397886795,305970.2016534279,288648.6113390847,PASS_SOURCE_BAR_PRICE
INV-0117,PANW,US,MOM_SWING,1d,LONG,2025-08-26T15:15:18Z,2025-08-28T14:49:10Z,1.9818518519,212.0139190508,219.7901283985,0.0366778247,0.1760693646,0.0624077457,1,19094.910532811,13.366437373,700.3597803562,305970.2016534279,306670.5614337841,286875.291120617,PASS_SOURCE_BAR_PRICE
INV-0118,JD,US,US_BETA,1d,SHORT,2025-08-26T15:08:18Z,2025-08-27T14:43:42Z,0.9829166667,25.8563079799,25.2192258453,0.0246393311,0.8275273586,0.0975864774,1,29926.8998013359,20.9488298609,737.3787944757,306670.5614337841,307407.9402282598,276743.6616324483,PASS_SOURCE_BAR_PRICE
INV-0119,BABA,US,US_BETA,1d,SHORT,2025-08-26T15:06:44Z,2025-08-28T14:41:01Z,1.9821412037,99.0471304504,96.1871978601,0.0288744619,0.8304471129,0.0990441441,1,30446.9563279889,21.3128694296,879.1394791941,307407.9402282598,308287.079707454,276960.9839002709,PASS_SOURCE_BAR_PRICE
INV-0120,PATH,US,MOM_SWING,1d,SHORT,2025-08-26T15:03:11Z,2025-08-28T15:03:19Z,2.0000925926,15.4070743554,15.9722735408,-0.036684394,0.8203005289,0.0847962286,1,26141.5816736887,18.2991071716,-958.9880807737,308287.079707454,307328.0916266802,282145.4980337653,PASS_SOURCE_BAR_PRICE
INV-0121,PANW,US,MOM_SWING,1d,SHORT,2025-08-26T15:14:31Z,2025-08-28T13:50:58Z,1.9419791667,212.0139190508,219.7901283985,-0.0366778247,0.8239306354,0.0949922543,1,29193.7882371059,20.435651766,-1070.764646023,307328.0916266802,306257.3269806572,278134.3033895743,PASS_SOURCE_BAR_PRICE
INV-0122,JD,US,US_BETA,1d,SHORT,2025-08-27T15:14:30Z,2025-08-28T15:12:43Z,0.9987615741,25.0516005011,24.3795981914,0.0268247256,0.8178655444,0.0826647394,1,25316.68212274,17.7216774859,679.1130515298,306257.3269806572,306936.440032187,280940.6448579172,PASS_SOURCE_BAR_PRICE
INV-0123,NFLX,US,US_BETA,1d,SHORT,2025-08-27T15:06:08Z,2025-08-29T14:40:30Z,1.9821990741,171.5541791661,169.4158863731,0.0124642419,0.8241410622,0.0879036174,1,26980.8233776734,18.8865763644,336.29551002,306936.440032187,307272.735542207,279955.6166545136,PASS_SOURCE_BAR_PRICE
INV-0124,META,US,US_BETA,1d,SHORT,2025-08-27T15:26:37Z,2025-08-29T15:00:39Z,1.9819675926,940.9955159976,930.0668838708,0.0116139046,0.8268986415,0.0864525266,1,26564.5043550027,18.5951530485,308.5176186163,307272.735542207,307581.2531608233,280708.2311872043,PASS_SOURCE_BAR_PRICE
INV-0125,PATH,US,US_BETA,1d,SHORT,2025-08-29T15:22:21Z,2025-09-03T14:03:23Z,4.945162037,15.834257563,15.4925109969,0.0215827338,0.8258334457,0.0975950061,1,30018.3942678864,21.0128759875,647.879012976,307581.2531608233,308229.1321737993,277562.8588929369,PASS_SOURCE_BAR_PRICE
INV-0126,DDOG,US,US_BETA,1d,SHORT,2025-08-29T15:14:09Z,2025-09-03T14:11:36Z,4.9565625,131.8565926772,126.5286409134,0.0404071701,0.8199597922,0.0846778288,1,26100.1736796289,18.2701215757,1054.6341564543,308229.1321737993,309283.7663302536,282128.9584941703,PASS_SOURCE_BAR_PRICE
INV-0127,ETHUSDT-PERP,FUTURES,MOM_TIGHT,1d,SHORT,2025-08-30T23:26:15Z,2025-09-02T09:56:04Z,2.4373726852,4029.5363330617,3985.8400115726,0.0108440073,0.8166145359,0.0897971849,1.35,27772.8115636625,41.6592173455,301.168571874,309283.7663302536,309584.9349021276,288711.3133201332,PASS_SOURCE_BAR_PRICE
INV-0128,ETHUSDT,CRYPTO,MOM_TIGHT,1d,SHORT,2025-08-30T22:28:34Z,2025-09-02T09:48:59Z,2.4725115741,4022.9914654455,3979.5762341381,0.0107917781,0.8165346053,0.0807928687,1.2,25012.2549919681,30.0147059904,269.9267063632,309584.9349021276,309854.8616084908,288741.3890754876,PASS_SOURCE_BAR_PRICE
INV-0129,ETHUSDT,CRYPTO,MOM_FAST,1d,SHORT,2025-08-31T22:35:08Z,2025-09-04T08:38:18Z,3.4188657407,4039.6676973015,3952.9476123935,0.0214671333,0.8171587818,0.0885265742,1.2,27430.3894024051,32.9164672829,588.8518255166,309854.8616084908,310443.7134340074,286996.2037731532,PASS_SOURCE_BAR_PRICE
INV-0130,CRWD,US,MOM_FAST,1d,LONG,2025-09-04T15:16:07Z,2025-09-08T13:49:03Z,3.939537037,422.8330990635,437.6639453198,0.0350749416,0.1764928985,0.0588306165,1,18263.5950549622,12.7845165385,640.5945299659,310443.7134340074,311084.3079639733,292180.1183790452,PASS_SOURCE_BAR_PRICE
INV-0131,CRWD,US,MOM_SWING,1d,LONG,2025-09-05T15:05:09Z,2025-09-11T13:39:32Z,5.9405439815,428.1331211799,445.6300335532,0.0408679252,0.1757438651,0.0528901687,1,16453.301532825,11.517311073,672.4122963845,311084.3079639733,311756.7202603578,294631.0064311482,PASS_SOURCE_BAR_PRICE
INV-0132,COIN,US,US_BETA,1d,SHORT,2025-09-05T15:12:00Z,2025-09-09T14:50:21Z,3.9849652778,318.618709731,331.8779173004,-0.0416146546,0.8040940814,0.0894210804,1,27877.6227456485,19.514335922,-1160.1176429246,311756.7202603578,310596.6026174331,283879.0975147093,PASS_SOURCE_BAR_PRICE
INV-0133,CRWD,US,MOM_SWING,1d,SHORT,2025-09-05T15:07:05Z,2025-09-11T14:18:16Z,5.966099537,428.1331211799,445.6300335532,-0.0408679252,0.8242561349,0.0847098313,1,26310.5858053955,18.4174100638,-1075.2590527398,310596.6026174331,309521.3435646934,284286.0168120376,PASS_SOURCE_BAR_PRICE
INV-0134,ETHUSDT-PERP,FUTURES,MOM_TIGHT,1d,LONG,2025-09-09T22:54:11Z,2025-09-12T09:32:28Z,2.4432523148,3970.9181924435,4138.3274087946,0.0421588177,0.215845474,0.0481556556,1.35,14905.2032197602,22.3578048296,628.3857459773,309521.3435646934,310149.7293106707,298480.452290797,PASS_SOURCE_BAR_PRICE
INV-0135,CRWD,US,MOM_SWING,1d,LONG,2025-09-12T15:12:44Z,2025-09-17T13:40:05Z,4.9356597222,447.0676295921,463.5080945798,0.0367739999,0.1729038823,0.0515368096,1,15984.1275601649,11.1888892921,587.8003060764,310149.7293106707,310737.5296167471,294165.6017505058,PASS_SOURCE_BAR_PRICE
INV-0136,TME,US,MOM_SWING,1d,SHORT,2025-09-12T15:08:41Z,2025-09-17T15:18:33Z,5.0068518519,22.3988433426,23.2349818323,-0.0373295387,0.8227202317,0.0864268925,1,26856.0790714033,18.79925535,-1002.5250433528,310737.5296167471,309735.0045733943,283881.4505453438,PASS_SOURCE_BAR_PRICE
INV-0137,ETHUSDT-PERP,FUTURES,MOM_TIGHT,1d,SHORT,2025-09-13T23:33:03Z,2025-09-16T08:48:29Z,2.3857175926,4299.3456803034,4146.9661647624,0.0354424898,0.8244522834,0.0776204233,1.35,24041.7621675224,36.0626432513,852.0999110682,309735.0045733943,310587.1044844625,291926.291856711,PASS_SOURCE_BAR_PRICE
INV-0138,ETHUSDT,CRYPTO,CR_CARRY,1d,SHORT,2025-09-13T23:31:27Z,2025-09-19T09:54:18Z,5.4325347222,4292.3406642535,4110.2726370293,0.0424169565,0.8241650423,0.0928049123,1.2,28824.0089881652,34.5888107858,1222.6267353081,310587.1044844625,311809.7312197706,286567.0969943248,PASS_SOURCE_BAR_PRICE
INV-0139,ETHUSDT,CRYPTO,MOM_FAST,1d,SHORT,2025-09-13T22:42:53Z,2025-09-17T09:01:13Z,3.4293981481,4292.3406642535,4222.4347833348,0.0162861912,0.8241650423,0.0851049123,1.2,26536.5398246991,31.8438477896,432.179162392,311809.7312197706,312241.9103821626,289695.9480325214,PASS_SOURCE_BAR_PRICE
INV-0140,ETHUSDT-PERP,FUTURES,MOM_FAST,1d,SHORT,2025-09-13T22:41:53Z,2025-09-17T08:37:56Z,3.4139236111,4299.3456803034,4228.8933112962,0.0163867654,0.8244522834,0.0801204233,1.35,25016.9540335414,37.5254310503,409.9469565986,312241.9103821626,312651.8573387612,293710.8333202801,PASS_SOURCE_BAR_PRICE
INV-0141,ETHUSDT,CRYPTO,CR_CARRY,1d,SHORT,2025-09-14T23:30:37Z,2025-09-20T08:42:22Z,5.3831597222,4235.2753898825,4121.1540392828,0.026945438,0.8271195261,0.0874644544,1.2,27345.9241218932,32.8151089463,736.8479040683,312651.8573387612,313388.7052428295,289863.5872371835,PASS_SOURCE_BAR_PRICE
INV-0142,ETHUSDT-PERP,FUTURES,MOM_SWING,1d,SHORT,2025-09-14T22:55:05Z,2025-09-21T09:51:03Z,6.4555324074,4241.5201749199,4094.9840400632,0.0345480226,0.8271799967,0.0868677198,1.35,27223.3622424881,40.8350433637,940.5133339707,313388.7052428295,314329.2185768001,293223.2517298753,PASS_SOURCE_BAR_PRICE
INV-0143,ETHUSDT-PERP,FUTURES,MOM_TIGHT,1d,LONG,2025-09-20T22:31:18Z,2025-09-22T08:55:41Z,1.433599537,4127.482084689,3917.5008023384,-0.0508739416,0.1755524917,0.0463798345,1.35,14578.537151608,21.8678057274,-741.6676470254,314329.2185768001,313587.5509297747,303530.3021682016,PASS_SOURCE_BAR_PRICE
INV-0144,ETHUSDT,CRYPTO,CR_CARRY,1d,SHORT,2025-09-20T23:51:29Z,2025-09-22T09:07:57Z,1.3864351852,4121.1540392828,3850.9840990048,0.0655568653,0.8244276233,0.0809190917,1.2,25375.2197772452,30.4502637327,1663.5198651674,313587.5509297747,315251.070794942,292441.5344487371,PASS_SOURCE_BAR_PRICE
INV-0145,ETHUSDT-PERP,FUTURES,MOM_TIGHT,1d,SHORT,2025-09-20T23:29:22Z,2025-09-22T10:08:57Z,1.4441550926,4127.482084689,3917.5008023384,0.0508739416,0.8244475083,0.0906201655,1.35,28568.1041939427,42.8521562909,1453.3720631333,315251.070794942,316704.4428580754,294089.5121327623,PASS_SOURCE_BAR_PRICE
INV-0146,ETHUSDT-PERP,FUTURES,MOM_FAST,1d,SHORT,2025-09-20T22:27:56Z,2025-09-22T08:38:25Z,1.4239467593,4127.482084689,3852.8911769997,0.066527462,0.8244475083,0.0893201655,1.35,28288.0932350497,42.4321398526,1881.9350487372,316704.4428580754,318586.3779068126,295750.2997210015,PASS_SOURCE_BAR_PRICE
INV-0147,BTCUSDT-PERP,FUTURES,MOM_SWING,1d,SHORT,2025-09-20T23:56:32Z,2025-09-24T08:37:30Z,3.3617824074,114800.8164448865,110236.4708392216,0.0397588253,0.8297775556,0.088407988,1.35,28165.5806763021,42.2483710145,1119.8304016644,318586.3779068126,319706.208308477,297722.9848132555,PASS_SOURCE_BAR_PRICE
INV-0148,ETHUSDT,CRYPTO,MOM_TIGHT,1d,SHORT,2025-09-20T23:23:13Z,2025-09-22T08:47:11Z,1.3916435185,4121.1540392828,3914.5534967172,0.0501317205,0.8244276233,0.0831190917,1.2,26573.6896327896,31.8884275593,1332.1847821683,319706.208308477,321038.3930906453,297561.466947819,PASS_SOURCE_BAR_PRICE
INV-0149,ETHUSDT,CRYPTO,MOM_FAST,1d,SHORT,2025-09-20T22:37:39Z,2025-09-22T09:08:49Z,1.4383101852,4121.1540392828,3850.9840990048,0.0655568653,0.8244276233,0.0784190917,1.2,25175.5391742812,30.2106470091,1650.4294307737,321038.3930906453,322688.822521419,300058.7771120777,PASS_SOURCE_BAR_PRICE
INV-0150,ETHUSDT,CRYPTO,MOM_FAST,1d,LONG,2025-09-21T22:50:04Z,2025-09-22T08:56:23Z,0.4210532407,4088.5466250912,3831.513622027,-0.0628665946,0.1782246111,0.044824129,1.2,14464.2454073225,17.3570944888,-909.3178517973,322688.822521419,321779.5046696217,310635.2846819835,PASS_SOURCE_BAR_PRICE
INV-0151,ETHUSDT-PERP,FUTURES,MOM_TIGHT,1d,LONG,2025-09-21T22:30:08Z,2025-09-22T09:46:24Z,0.4696296296,4094.9840400632,3895.1231590353,-0.0488062662,0.17815272,0.0520202469,1.35,16739.0492735327,25.1085739103,-816.9704943043,321779.5046696217,320962.5341753174,309380.2089114493,PASS_SOURCE_BAR_PRICE
INV-0152,ETHUSDT-PERP,FUTURES,MOM_SWING,1d,LONG,2025-09-21T23:28:54Z,2025-09-22T09:08:12Z,0.4022916667,4094.9840400632,3787.5057615587,-0.0750865633,0.17815272,0.0543202469,1.35,17434.7640953293,26.152146143,-1309.1165185792,320962.5341753174,319653.4176567382,308047.894104703,PASS_SOURCE_BAR_PRICE
INV-0153,ETHUSDT,CRYPTO,MOM_SWING,1d,LONG,2025-09-21T22:36:38Z,2025-09-22T09:57:19Z,0.4726967593,4088.5466250912,3786.1548567804,-0.0739606995,0.1782246111,0.043524129,1.2,13912.6365851493,16.6951639022,-1028.9883336611,319653.4176567382,318624.4293230771,308059.5538357805,PASS_SOURCE_BAR_PRICE
INV-0154,ETHUSDT,CRYPTO,MOM_TIGHT,1d,LONG,2025-09-21T23:44:27Z,2025-09-22T09:47:22Z,0.4186921296,4088.5466250912,3891.9919756892,-0.0480744547,0.1782246111,0.048924129,1.2,15588.4226825209,18.706107219,-749.4049196576,318624.4293230771,317875.0244034195,305634.077087643,PASS_SOURCE_BAR_PRICE
INV-0155,ETHUSDT-PERP,FUTURES,MOM_TIGHT,1d,SHORT,2025-09-21T23:41:16Z,2025-09-22T09:46:56Z,0.4206018519,4094.9840400632,3895.1231590353,0.0488062662,0.82184728,0.0871797531,1.35,27712.2661508055,41.5683992262,1352.5322379757,317875.0244034195,319227.5566413951,297347.4198472672,PASS_SOURCE_BAR_PRICE
INV-0156,ETHUSDT,CRYPTO,MOM_FAST,1d,SHORT,2025-09-21T23:41:32Z,2025-09-22T09:36:15Z,0.4129976852,4088.5466250912,3831.513622027,0.0628665946,0.8217753889,0.083975871,1.2,26807.4121163961,32.1688945397,1685.2907090186,319227.5566413951,320912.8473504137,296888.0465443984,PASS_SOURCE_BAR_PRICE
INV-0157,ETHUSDT,CRYPTO,CR_CARRY,1d,SHORT,2025-09-21T22:29:35Z,2025-09-22T09:54:36Z,0.4757060185,4088.5466250912,3831.513622027,0.0628665946,0.8217753889,0.078075871,1.2,25055.550072208,30.0666600866,1575.1571081423,320912.8473504137,322488.0044585561,300033.2222902404,PASS_SOURCE_BAR_PRICE
INV-0158,ETHUSDT-PERP,FUTURES,MOM_FAST,1d,SHORT,2025-09-21T23:55:42Z,2025-09-22T09:07:34Z,0.3832407407,4094.9840400632,3833.6275033344,0.0638235788,0.82184728,0.0824797531,1.35,26598.730992209,39.8980964883,1697.6262045211,322488.0044585561,324185.6306630771,302785.2407606235,PASS_SOURCE_BAR_PRICE
INV-0159,BTCUSDT-PERP,FUTURES,MOM_TIGHT,1d,SHORT,2025-09-21T23:28:50Z,2025-09-22T09:38:07Z,0.4231134259,114362.9595468292,111549.0090597866,0.024605436,0.824718442,0.0920347959,1.35,29836.3583421124,44.7545375132,734.1366070015,324185.6306630771,324919.7672700786,302084.6244837347,PASS_SOURCE_BAR_PRICE
INV-0160,BTCUSDT-PERP,FUTURES,MOM_FAST,1d,SHORT,2025-09-21T23:26:40Z,2025-09-22T09:51:30Z,0.433912037,114362.9595468292,110683.1781406966,0.0321763394,0.824718442,0.0825347959,1.35,26817.1866658128,40.2257799987,862.8789010767,324919.7672700786,325782.6461711553,305055.1845546617,PASS_SOURCE_BAR_PRICE
INV-0161,ETHUSDT,CRYPTO,MOM_TIGHT,1d,SHORT,2025-09-21T22:48:39Z,2025-09-22T08:28:10Z,0.4024421296,4088.5466250912,3891.9919756892,0.0480744547,0.8217753889,0.087275871,1.2,28432.9642015103,34.1195570418,1366.899248694,325782.6461711553,327149.5454198493,302088.5093365634,PASS_SOURCE_BAR_PRICE
INV-0162,BTCUSDT,CRYPTO,MOM_SWING,1d,SHORT,2025-09-21T23:36:00Z,2025-09-25T09:59:11Z,3.4327662037,114474.0481895375,110201.0406518244,0.0373273035,0.8254783074,0.0825758286,1.2,27014.6447896456,32.4175737476,1008.383844552,327149.5454198493,328157.9292644013,304637.341428478,PASS_SOURCE_BAR_PRICE
INV-0163,BTCUSDT-PERP,FUTURES,MOM_SWING,1d,SHORT,2025-09-21T22:29:32Z,2025-09-25T09:39:19Z,3.4651273148,114362.9595468292,110033.8049513791,0.037854517,0.824718442,0.0881347959,1.35,28922.1321088893,43.3831981633,1094.8333413682,328157.9292644013,329252.7626057695,306734.1277022611,PASS_SOURCE_BAR_PRICE
INV-0164,ETHUSDT-PERP,FUTURES,MOM_FAST,1d,LONG,2025-09-22T22:26:24Z,2025-09-25T08:37:28Z,2.4243518519,3868.115245831,3574.7141123331,-0.0758511872,0.2174917602,0.042944555,1.35,14139.6133888934,21.2094200833,-1072.5064616406,329252.7626057695,328180.2561441289,318778.9749102929,PASS_SOURCE_BAR_PRICE
INV-0165,JD,US,MOM_SWING,1d,LONG,2025-09-26T15:19:54Z,2025-09-30T13:54:25Z,3.9406365741,28.0428363819,29.1517280403,0.0395427782,0.17508579,0.0491546327,1,16131.5799370402,11.2921059559,637.8874870444,328180.2561441289,328818.1436311733,312048.6762070887,PASS_SOURCE_BAR_PRICE
INV-0166,JD,US,MOM_SWING,1d,SHORT,2025-09-26T15:07:38Z,2025-09-30T14:15:21Z,3.9636921296,28.0428363819,29.1517280403,-0.0395427782,0.82491421,0.0894453673,1,29411.2596451363,20.5878817516,-1163.0029159617,328818.1436311733,327655.1407152116,299406.883986037,PASS_SOURCE_BAR_PRICE
INV-0167,ETHUSDT-PERP,FUTURES,MOM_FAST,1d,LONG,2025-09-27T22:33:56Z,2025-09-29T09:36:40Z,1.4602314815,3702.3530981867,3870.1734805668,0.0453280327,0.1868921772,0.0428921776,1.35,14053.8424767558,21.0807637151,637.0330316451,327655.1407152116,328292.1737468567,317244.8870287258,PASS_SOURCE_BAR_PRICE
INV-0168,ETHUSDT,CRYPTO,CR_CARRY,1d,SHORT,2025-09-27T23:43:21Z,2025-09-29T09:33:15Z,1.4096527778,3696.1630758664,3859.0540870062,-0.0440702988,0.8129413884,0.082898835,1.2,27215.0387345987,32.6580464815,-1199.3748886874,328292.1737468567,327092.7988581693,305612.9748013578,PASS_SOURCE_BAR_PRICE
INV-0169,ETHUSDT-PERP,FUTURES,MOM_FAST,1d,SHORT,2025-09-27T23:31:00Z,2025-09-29T08:50:56Z,1.3888425926,3702.3530981867,3870.1734805668,-0.0453280327,0.8131078228,0.0859078224,1.35,28099.8300829628,42.1497451244,-1273.710017461,327092.7988581693,325819.0888407083,306278.1099078265,PASS_SOURCE_BAR_PRICE
INV-0170,ETHUSDT,CRYPTO,MOM_SWING,1d,SHORT,2025-09-28T23:44:58Z,2025-10-01T08:47:55Z,2.3770486111,3810.0176803415,4005.6279243094,-0.0513410331,0.8121085785,0.0787538632,1.2,25659.5119633942,30.7914143561,-1317.3858539172,325819.0888407083,324501.7029867911,304436.1622045464,PASS_SOURCE_BAR_PRICE
INV-0171,ETHUSDT-PERP,FUTURES,MOM_FAST,1d,LONG,2025-09-29T22:30:54Z,2025-10-02T08:49:58Z,2.4299074074,3882.9725481387,4048.8314905862,0.0427144257,0.2191202811,0.0475324952,1.35,15424.3756331503,23.1365634497,658.8433471294,324501.7029867911,325160.5463339205,313076.2395548279,PASS_SOURCE_BAR_PRICE
INV-0172,ETHUSDT-PERP,FUTURES,MOM_SWING,1d,SHORT,2025-09-29T23:22:05Z,2025-10-02T08:30:46Z,2.3810300926,3882.9725481387,4082.0032790757,-0.0512573109,0.7808797189,0.0753675048,1.35,24506.5390430667,36.7598085646,-1256.139289683,325160.5463339205,323904.4070442375,307007.5544501674,PASS_SOURCE_BAR_PRICE
INV-0173,ETHUSDT-PERP,FUTURES,VOL_BREAK,1d,LONG,2025-10-03T22:40:34Z,2025-10-06T09:51:03Z,2.4656134259,4157.7496906308,4333.2539912904,0.0422113676,0.2130724699,0.0522059134,1.35,16909.7254161537,25.3645881242,713.7826358798,323904.4070442375,324618.1896801173,311378.6845137533,PASS_SOURCE_BAR_PRICE
INV-0174,ETHUSDT,CRYPTO,MOM_SWING,1d,LONG,2025-10-03T23:32:48Z,2025-10-06T08:49:24Z,2.3865277778,4151.0020108067,4346.8657818246,0.0471846967,0.2133478999,0.0609207866,1.2,19775.9954575651,23.7311945491,933.1243482582,324618.1896801173,325551.3140283754,308138.1934654797,PASS_SOURCE_BAR_PRICE
INV-0175,ETHUSDT,CRYPTO,MOM_SWING,1d,SHORT,2025-10-03T23:53:36Z,2025-10-06T08:45:36Z,2.3694444444,4151.0020108067,4346.8657818246,-0.0471846967,0.7866521001,0.0762792134,1.2,24832.7981578435,29.7993577894,-1171.7280501094,325551.3140283754,324379.5859782661,304857.3155635059,PASS_SOURCE_BAR_PRICE
INV-0176,ETHUSDT-PERP,FUTURES,VOL_BREAK,1d,SHORT,2025-10-03T23:56:02Z,2025-10-06T08:49:55Z,2.3707523148,4157.7496906308,4333.2539912904,-0.0422113676,0.7869275301,0.0755940866,1.35,24521.1785216009,36.7817677824,-1035.0724810296,324379.5859782661,323344.5134972365,306215.7500363395,PASS_SOURCE_BAR_PRICE
INV-0177,ETHUSDT-PERP,FUTURES,MOM_SWING,1d,LONG,2025-10-04T22:35:00Z,2025-10-06T08:50:54Z,1.4277083333,4133.4913657712,4325.8870424397,0.0465455615,0.1750491196,0.0514526525,1.35,16636.9328771499,24.9553993157,774.3753827801,323344.5134972365,324118.8888800166,311020.8595141625,PASS_SOURCE_BAR_PRICE
INV-0178,ETHUSDT,CRYPTO,MOM_SWING,1d,LONG,2025-10-04T23:26:02Z,2025-10-06T09:33:47Z,1.4220486111,4127.344389001,4315.3619868635,0.0455541336,0.1752879656,0.0445655501,1.2,14444.5365950065,17.333443914,658.0083503736,324118.8888800166,324776.8972303902,312081.7750508445,PASS_SOURCE_BAR_PRICE
INV-0179,ETHUSDT-PERP,FUTURES,MOM_SWING,1d,SHORT,2025-10-04T23:26:28Z,2025-10-06T09:29:46Z,1.4189583333,4133.4913657712,4325.8870424397,-0.0465455615,0.8249508804,0.0909473475,1.35,29537.5973460493,44.3063960191,-1374.8440544992,324776.8972303902,323402.053175891,302897.1954925759,PASS_SOURCE_BAR_PRICE
INV-0180,ETHUSDT,CRYPTO,MOM_SWING,1d,LONG,2025-10-05T23:50:51Z,2025-10-06T09:00:18Z,0.3815625,4152.3357414294,4338.8379959007,0.0449150228,0.1810496149,0.0472766792,1.2,15289.3751218125,18.3472501462,686.7226320899,323402.053175891,324088.7758079809,310660.9072410472,PASS_SOURCE_BAR_PRICE
INV-0181,ETHUSDT-PERP,FUTURES,MOM_SWING,1d,SHORT,2025-10-05T22:43:46Z,2025-10-06T08:51:02Z,0.421712963,4158.8833433503,4349.6574707622,-0.0458714784,0.8197463698,0.082566304,1.35,26758.8123760005,40.138218564,-1227.4662836534,324088.7758079809,322861.3095243275,304267.4333072398,PASS_SOURCE_BAR_PRICE
INV-0182,CAVA,US,US_BETA,1d,LONG,2025-10-07T15:12:11Z,2025-10-08T14:11:11Z,0.9576388889,60.4065845693,62.5822568153,0.0360171372,0.1829027698,0.0533767496,1,17233.2872632876,12.0633010843,620.6936722847,322861.3095243275,323482.0031966122,305628.0222610399,PASS_SOURCE_BAR_PRICE
INV-0183,ETHUSDT,CRYPTO,MOM_TIGHT,1d,SHORT,2025-10-13T23:48:20Z,2025-10-14T09:33:35Z,0.4064236111,3991.8875972686,3676.7600804654,0.0789419815,0.8106431037,0.0887747276,1.2,28717.0267166891,34.46043206,2266.9789914406,323482.0031966122,325748.9821880527,299551.1475993713,PASS_SOURCE_BAR_PRICE
INV-0184,ETHUSDT-PERP,FUTURES,MOM_TIGHT,1d,SHORT,2025-10-13T22:31:11Z,2025-10-14T08:55:30Z,0.4335532407,4006.5769918515,3684.2988786855,0.0804372695,0.8097419558,0.0742260656,1.35,24179.0653259359,36.2685979889,1944.8979932767,325748.9821880527,327693.8801813294,307838.5634281003,PASS_SOURCE_BAR_PRICE
INV-0185,ETHUSDT,CRYPTO,MOM_FAST,1d,LONG,2025-10-14T23:36:15Z,2025-10-18T09:01:49Z,3.3927546296,3882.8574876463,3660.8908973845,-0.0571657834,0.2170055742,0.059418301,1.2,19471.0136107211,23.3652163329,-1113.075747401,327693.8801813294,326580.8044339284,311468.0355057285,PASS_SOURCE_BAR_PRICE
INV-0186,ETHUSDT,CRYPTO,MOM_SWING,1d,LONG,2025-10-14T23:22:33Z,2025-10-21T08:55:56Z,6.3981828704,3882.8574876463,3645.6795827726,-0.0610833402,0.2170055742,0.045318301,1.2,14800.0871984002,17.7601046381,-904.0387613589,326580.8044339284,325676.7656725695,314247.3984352616,PASS_SOURCE_BAR_PRICE
INV-0187,ETHUSDT,CRYPTO,MOM_FAST,1d,SHORT,2025-10-14T23:37:23Z,2025-10-18T09:37:21Z,3.4166435185,3882.8574876463,3660.8908973845,0.0571657834,0.7829944258,0.078381699,1.2,25527.0982160058,30.6325178592,1459.2765684327,325676.7656725695,327136.0422410022,304404.1838258979,PASS_SOURCE_BAR_PRICE
INV-0188,ETHUSDT,CRYPTO,MOM_SWING,1d,SHORT,2025-10-14T23:45:54Z,2025-10-21T09:29:16Z,6.4051157407,3882.8574876463,3645.6795827726,0.0610833402,0.7829944258,0.085981699,1.2,28127.7127137721,33.7532552565,1718.1346447991,327136.0422410022,328854.1768858013,303696.2816461921,PASS_SOURCE_BAR_PRICE
INV-0189,ETHUSDT,CRYPTO,VOL_BREAK,1d,SHORT,2025-10-14T22:29:31Z,2025-10-19T09:04:09Z,4.4407175926,3882.8574876463,3748.7795388023,0.0345307417,0.7829944258,0.075781699,1.2,24921.1282453957,29.9053538945,860.5450415451,328854.1768858013,329714.7219273464,308086.5700146382,PASS_SOURCE_BAR_PRICE
INV-0190,ETHUSDT-PERP,FUTURES,VOL_BREAK,1d,SHORT,2025-10-14T22:55:19Z,2025-10-19T09:57:29Z,4.459837963,3896.3410774945,3761.7143448816,0.0345520913,0.7830249305,0.0881833462,1.35,29075.3474869567,43.6130212304,1004.6140607055,329714.7219273464,330719.3359880519,308177.4274925636,PASS_SOURCE_BAR_PRICE
INV-0191,ETHUSDT,CRYPTO,MOM_FAST,1d,SHORT,2025-10-18T22:27:55Z,2025-10-22T09:49:21Z,3.4732175926,3660.8908973845,3582.1233969684,0.0215159377,0.8244648934,0.0792211042,1.2,26199.9509915844,31.4399411899,563.7165128589,330719.3359880519,331283.0525009108,308886.0434950648,PASS_SOURCE_BAR_PRICE
INV-0192,ETHUSDT-PERP,FUTURES,MOM_TIGHT,1d,SHORT,2025-10-18T22:43:52Z,2025-10-21T08:33:46Z,2.4096527778,3673.2799096863,3658.2541828258,0.0040905477,0.8247711539,0.0861376423,1.35,28535.9410790272,42.8039116185,116.7276295035,331283.0525009108,331399.7801304143,310145.3183682981,PASS_SOURCE_BAR_PRICE
INV-0193,ETHUSDT,CRYPTO,MOM_SWING,1d,LONG,2025-10-19T22:49:58Z,2025-10-26T08:28:06Z,6.4014814815,3748.7795388023,3914.3343663976,0.0441623269,0.1771435454,0.0504657515,1.2,16724.3389359339,20.0692067231,738.5857238403,331399.7801304143,332138.3658542546,317462.831017136,PASS_SOURCE_BAR_PRICE
INV-0194,BTCUSDT-PERP,FUTURES,MOM_SWING,1d,LONG,2025-10-19T22:37:15Z,2025-10-21T09:44:48Z,1.4635763889,107812.282775144,112705.9891798962,0.0453909914,0.1708342648,0.0459250503,1.35,15253.4711583005,22.8802067375,692.370178802,332138.3658542546,332830.7360330566,320839.4983295876,PASS_SOURCE_BAR_PRICE
INV-0195,ETHUSDT-PERP,FUTURES,MOM_SWING,1d,LONG,2025-10-19T22:32:40Z,2025-10-26T08:43:40Z,6.4243055556,3761.7143448816,3927.8289529028,0.0441592829,0.1768317497,0.0475489145,1.35,15825.7402045823,23.7386103069,698.8533391184,332830.7360330566,333529.589372175,321107.9655111438,PASS_SOURCE_BAR_PRICE
INV-0196,ETHUSDT,CRYPTO,MOM_FAST,1d,SHORT,2025-10-19T22:30:35Z,2025-10-23T08:35:13Z,3.4198842593,3748.7795388023,3630.3835516808,0.031582542,0.8228564546,0.0841342485,1.2,28061.2613697219,33.6735136437,886.2459649483,333529.589372175,334415.8353371233,310145.2048974067,PASS_SOURCE_BAR_PRICE
INV-0197,ETHUSDT-PERP,FUTURES,MOM_FAST,1d,SHORT,2025-10-19T23:51:02Z,2025-10-23T09:50:02Z,3.4159722222,3761.7143448816,3643.2284559653,0.0314978433,0.8231682503,0.0775510855,1.35,25934.3110448374,38.9014665673,816.8748649828,334415.8353371233,335232.710202106,315205.2345631697,PASS_SOURCE_BAR_PRICE
INV-0198,ETHUSDT,CRYPTO,MOM_TIGHT,1d,SHORT,2025-10-19T23:22:45Z,2025-10-22T08:46:46Z,2.3916782407,3748.7795388023,3582.1233969684,0.0444561063,0.8228564546,0.0816342485,1.2,27366.4703854261,32.8397644625,1216.6067176905,335232.710202106,336449.3169197965,312427.3182142509,PASS_SOURCE_BAR_PRICE
INV-0199,BTCUSDT,CRYPTO,MOM_SWING,1d,SHORT,2025-10-19T22:36:45Z,2025-10-21T09:01:55Z,1.4341435185,107927.8979283091,112767.4196026252,-0.0448403218,0.8290534234,0.0849688849,1.2,28587.7232716227,34.3052679259,-1281.8827110324,336449.3169197965,335167.4342087641,312626.2141934443,PASS_SOURCE_BAR_PRICE
INV-0200,ETHUSDT-PERP,FUTURES,MOM_SWING,1d,SHORT,2025-10-19T23:23:09Z,2025-10-26T10:04:32Z,6.4454050926,3761.7143448816,3927.8289529028,-0.0441592829,0.8231682503,0.0868510855,1.35,29109.6554913489,43.664483237,-1285.461512557,335167.4342087641,333881.9726962071,313604.7264373946,PASS_SOURCE_BAR_PRICE
INV-0201,CRWD,US,MOM_SWING,1d,LONG,2025-10-21T15:05:18Z,2025-10-24T15:11:15Z,3.0041319444,516.6240126874,536.1502139039,0.0377957678,0.1739646981,0.0532940937,1,17793.9371359429,12.4557559952,672.5355159984,333881.9726962071,334554.5082122055,316088.0355602642,PASS_SOURCE_BAR_PRICE
INV-0202,CRWD,US,MOM_SWING,1d,SHORT,2025-10-21T15:26:30Z,2025-10-24T13:40:03Z,2.9260763889,516.6240126874,536.1502139039,-0.0377957678,0.8260353019,0.0981059063,1,32821.7732365821,22.9752412656,-1240.5241195924,334554.5082122055,333313.9840926132,301732.7349756234,PASS_SOURCE_BAR_PRICE
INV-0203,CRWD,US,MOM_SWING,1d,SHORT,2025-10-22T15:13:38Z,2025-10-23T14:07:45Z,0.9542476852,512.6874392005,532.0218512907,-0.0377118896,0.8210077806,0.0952344202,1,31742.9640035015,22.2200748025,-1197.087153072,333313.9840926132,332116.8969395411,301571.0200891117,PASS_SOURCE_BAR_PRICE
INV-0204,ETHUSDT-PERP,FUTURES,MOM_TIGHT,1d,SHORT,2025-10-25T22:38:30Z,2025-10-26T08:51:20Z,0.4255787037,3734.9326405277,3924.9222315243,-0.0508682778,0.8257813816,0.0850921946,1.35,28260.5556257657,42.3908334386,-1437.5657934004,332116.8969395411,330679.3311461408,311183.1520315665,PASS_SOURCE_BAR_PRICE
INV-0205,ETHUSDT-PERP,FUTURES,MOM_FAST,1d,SHORT,2025-10-25T23:22:52Z,2025-10-26T08:48:55Z,0.3930902778,3734.9326405277,3946.0321860795,-0.0565203086,0.8257813816,0.0891921946,1.35,29494.0152552163,44.2410228828,-1667.0108449386,330679.3311461408,329012.3203012022,308831.9124385731,PASS_SOURCE_BAR_PRICE
INV-0206,ETHUSDT,CRYPTO,MOM_TIGHT,1d,SHORT,2025-10-25T23:41:49Z,2025-10-26T09:44:37Z,0.4186111111,3721.7079170054,3907.9223331841,-0.050034667,0.8255252036,0.093978361,1.2,30920.0386081304,37.1040463298,-1547.0738343883,329012.3203012022,327465.2464668139,303245.6214610935,PASS_SOURCE_BAR_PRICE
INV-0207,ETHUSDT,CRYPTO,MOM_TIGHT,1d,LONG,2025-10-26T22:35:27Z,2025-10-29T09:38:29Z,2.4604398148,3914.3343663976,3641.8669055327,-0.0696076102,0.1704726936,0.0455055255,1.2,14901.478108245,17.8817737299,-1037.256279929,327465.2464668139,326427.9901868849,315047.3480432764,PASS_SOURCE_BAR_PRICE
INV-0208,BTCUSDT,CRYPTO,MOM_SWING,1d,SHORT,2025-10-26T23:55:05Z,2025-10-30T10:04:47Z,3.4234027778,113805.5858836486,106220.2279896767,0.0666518944,0.8347752818,0.0862778652,1.2,28163.5101410254,33.7962121692,1877.1513042303,326427.9901868849,328305.1414911152,302958.3984026971,PASS_SOURCE_BAR_PRICE
INV-0209,ETHUSDT-PERP,FUTURES,MOM_TIGHT,1d,SHORT,2025-10-26T23:40:29Z,2025-10-29T08:44:21Z,2.3776851852,3927.8289529028,3649.7501757899,0.0707970689,0.8297892507,0.0822086195,1.35,26989.5124699007,40.4842687049,1910.7783746428,328305.1414911152,330215.9198657579,308312.9100319294,PASS_SOURCE_BAR_PRICE
INV-0210,BTCUSDT-PERP,FUTURES,MOM_TIGHT,1d,SHORT,2025-10-26T22:24:10Z,2025-10-29T09:06:22Z,2.4459722222,113681.7495292393,108682.7864713315,0.0439733122,0.8348783074,0.0755834286,1.35,24958.8514017258,37.4382771026,1097.5233636156,330215.9198657579,331313.4432293735,311727.8817904054,PASS_SOURCE_BAR_PRICE
INV-0211,BTCUSDT-PERP,FUTURES,MOM_FAST,1d,SHORT,2025-10-26T23:30:48Z,2025-10-30T09:33:20Z,3.4184259259,113681.7495292393,107144.6439919753,0.057503562,0.8348783074,0.0864834286,1.35,28653.1225117166,42.9796837676,1647.6566080914,331313.4432293735,332961.099837465,310088.9080355094,PASS_SOURCE_BAR_PRICE
INV-0212,BTCUSDT-PERP,FUTURES,MOM_SWING,1d,SHORT,2025-10-26T22:36:48Z,2025-10-30T09:34:22Z,3.4566435185,113681.7495292393,105991.0371324581,0.0676512495,0.8348783074,0.0804834286,1.35,26797.8509053148,40.196776358,1812.908096665,332961.099837465,334774.00793413,313110.8399076021,PASS_SOURCE_BAR_PRICE
INV-0213,ETHUSDT-PERP,FUTURES,MOM_FAST,1d,SHORT,2025-10-28T22:44:12Z,2025-11-01T10:06:29Z,3.4738078704,3758.8509516496,3659.2275475218,0.0265036857,0.7971530253,0.0826462634,1.35,27667.820827734,41.5017312416,733.299226576,334774.00793413,335507.307160706,314279.3258395122,PASS_SOURCE_BAR_PRICE
INV-0214,RIVN,US,US_BETA,1d,LONG,2025-10-30T15:04:00Z,2025-10-31T14:44:45Z,0.9866319444,15.7640872006,16.3561202039,0.0375558062,0.1861558933,0.0560524182,1,18805.9959023422,13.1641971316,706.2743368712,335507.307160706,336213.5814975772,316701.3112583637,PASS_SOURCE_BAR_PRICE
INV-0215,RIVN,US,US_BETA,1d,SHORT,2025-10-30T15:22:24Z,2025-10-31T14:55:21Z,0.9812152778,15.7640872006,16.3561202039,-0.0375558062,0.8138441067,0.0851475818,1,28627.7734205957,20.0394413944,-1075.1391095546,336213.5814975772,335138.4423880226,307585.8080769815,PASS_SOURCE_BAR_PRICE
INV-0216,ETHUSDT-PERP,FUTURES,MOM_TIGHT,1d,LONG,2025-11-01T22:37:46Z,2025-11-03T08:38:19Z,1.4170486111,3659.2275475218,3404.5797365719,-0.0695905919,0.168015101,0.0473728155,1.35,15876.4515835344,23.8146773753,-1104.8516630611,335138.4423880226,334033.5907249615,323378.1078817009,PASS_SOURCE_BAR_PRICE
INV-0217,BTCUSDT,CRYPTO,MOM_SWING,1d,SHORT,2025-11-01T22:43:13Z,2025-11-04T10:06:20Z,2.4743865741,109373.6417542038,102148.3385020233,0.0660607358,0.834880129,0.083683527,1.2,27953.1089974606,33.543730797,1846.6029484672,334033.5907249615,335880.1936734287,310739.3332270776,PASS_SOURCE_BAR_PRICE
INV-0218,ETHUSDT,CRYPTO,MOM_TIGHT,1d,SHORT,2025-11-01T23:35:06Z,2025-11-03T08:37:50Z,1.3768981481,3646.3573146117,3396.4962276986,0.0685234785,0.8320409526,0.0772302114,1.2,25940.0983765424,31.1281180519,1777.5057724108,335880.1936734287,337657.6994458394,314263.44502631,PASS_SOURCE_BAR_PRICE
INV-0219,BTCUSDT-PERP,FUTURES,MOM_SWING,1d,SHORT,2025-11-01T23:56:49Z,2025-11-04T09:29:31Z,2.3977083333,109262.8699136062,101920.7914825261,0.0671964633,0.8350780028,0.0804942122,1.35,27179.4904934569,40.7692357402,1826.3656361721,337657.6994458394,339484.0650820116,317524.7435247602,PASS_SOURCE_BAR_PRICE
INV-0220,ETHUSDT-PERP,FUTURES,MOM_TIGHT,1d,LONG,2025-11-02T23:43:23Z,2025-11-03T08:37:36Z,0.3709837963,3690.0917135132,3446.6164359794,-0.0659808201,0.1685211672,0.055200143,1.35,18739.5689491456,28.1093534237,-1236.4521277477,339484.0650820116,338247.6129542639,325602.9028974593,PASS_SOURCE_BAR_PRICE
INV-0221,BTCUSDT,CRYPTO,MOM_TIGHT,1d,LONG,2025-11-02T23:50:47Z,2025-11-03T09:32:31Z,0.4039814815,109813.3095265593,105288.2474929866,-0.0412068633,0.1691240759,0.0464327001,1.2,15705.749970665,18.8468999648,-647.1846919781,338247.6129542639,337600.4282622858,325159.4879787097,PASS_SOURCE_BAR_PRICE
INV-0222,BTCUSDT,CRYPTO,MOM_SWING,1d,SHORT,2025-11-02T22:48:13Z,2025-11-04T08:38:43Z,1.4100694444,109813.3095265593,102851.6756287552,0.0633951743,0.8308759241,0.0894672999,1.2,30204.1987628893,36.2450385155,1914.8004451399,337600.4282622858,339515.2287074257,312430.2626265447,PASS_SOURCE_BAR_PRICE
INV-0223,BTCUSDT,CRYPTO,CR_CARRY,1d,SHORT,2025-11-02T22:35:54Z,2025-11-04T08:51:52Z,1.4277546296,109813.3095265593,103895.9207134258,0.0538858982,0.8308759241,0.0885672999,1.2,30069.9470827333,36.0839364993,1620.346106005,339515.2287074257,341135.5748134307,314456.9394718146,PASS_SOURCE_BAR_PRICE
INV-0224,BTCUSDT-PERP,FUTURES,MOM_FAST,1d,SHORT,2025-11-02T23:54:12Z,2025-11-04T10:06:09Z,1.4249652778,109707.3790593211,103689.6892944267,0.0548521879,0.8312351854,0.0754867,1.35,25751.198799732,38.6267981996,1412.5095939729,341135.5748134307,342548.0844074036,322060.6127395551,PASS_SOURCE_BAR_PRICE
INV-0225,FUBO,US,MOM_FAST,1d,SHORT,2025-11-06T15:24:37Z,2025-11-12T14:48:57Z,5.9752314815,1.1454065231,1.1940179405,-0.0424403183,0.8163417083,0.0858824522,1,29418.8695012666,20.5932086509,-1248.5461857301,342548.0844074036,341299.5382216735,313129.214906137,PASS_SOURCE_BAR_PRICE
INV-0226,ETHUSDT-PERP,FUTURES,MOM_SWING,1d,SHORT,2025-11-08T23:49:14Z,2025-11-15T09:59:23Z,6.4237152778,3213.1146620479,2992.4349301949,0.0686809389,0.8183507636,0.0838909412,1.35,28631.9395038371,42.9479092558,1966.468488277,341299.5382216735,343266.0067099505,320090.6941447571,PASS_SOURCE_BAR_PRICE
INV-0227,BTCUSDT,CRYPTO,MOM_SWING,1d,SHORT,2025-11-08T23:42:43Z,2025-11-11T09:09:46Z,2.3937847222,101639.7090084147,106380.6898278314,-0.0466449665,0.8332883873,0.0820975729,1.2,28181.3060156054,33.8175672187,-1314.5160743724,343266.0067099505,341951.4906355781,319781.5850302794,PASS_SOURCE_BAR_PRICE
INV-0228,ETHUSDT,CRYPTO,MOM_TIGHT,1d,LONG,2025-11-09T23:23:09Z,2025-11-12T09:09:11Z,2.4069675926,3373.0901893036,3214.4444612906,-0.0470327561,0.1803252582,0.0421375639,1.2,14409.0028027254,17.2908033633,-677.6951137647,341951.4906355781,341273.7955218133,329943.9882999736,PASS_SOURCE_BAR_PRICE
INV-0229,BTCUSDT-PERP,FUTURES,MOM_SWING,1d,LONG,2025-11-09T23:33:52Z,2025-11-14T08:29:31Z,4.3719791667,103924.5900993311,95914.3238723375,-0.0770776793,0.1625074951,0.0443754047,1.35,15144.1628022491,22.7162442034,-1167.276923729,341273.7955218133,340106.5185980843,330055.897149777,PASS_SOURCE_BAR_PRICE
INV-0230,ETHUSDT,CRYPTO,MOM_TIGHT,1d,SHORT,2025-11-09T22:27:21Z,2025-11-12T09:49:59Z,2.4740509259,3373.0901893036,3214.4444612906,0.0470327561,0.8196747418,0.0802624361,1.2,27297.7777008867,32.7573332411,1283.8897193515,340106.5185980843,341390.4083174358,317358.3705140121,PASS_SOURCE_BAR_PRICE
INV-0231,BTCUSDT-PERP,FUTURES,MOM_TIGHT,1d,SHORT,2025-11-09T22:35:11Z,2025-11-12T09:46:54Z,2.4664699074,103924.5900993311,100881.63358875,0.0292804283,0.8374925049,0.0817245953,1.35,27899.9929465764,41.8499894199,816.9237434644,341390.4083174358,342207.3320609002,320723.7468755274,PASS_SOURCE_BAR_PRICE
INV-0232,BTCUSDT-PERP,FUTURES,MOM_FAST,1d,SHORT,2025-11-09T23:26:21Z,2025-11-13T09:32:09Z,3.4206944444,103924.5900993311,98944.0423493872,0.0479246321,0.8374925049,0.0762245953,1.35,26084.6153825372,39.1269230738,1250.0955965039,342207.3320609002,343457.4276574041,322885.3947405024,PASS_SOURCE_BAR_PRICE
INV-0233,BILL,US,MOM_TIGHT,1d,LONG,2025-11-11T15:14:27Z,2025-11-12T13:49:15Z,0.9408333333,64.6332994629,67.0814078893,0.0378768908,0.1741702587,0.053705194,1,18445.4477721726,12.9118134405,698.6562111978,343457.4276574041,344156.0838686019,325011.9798852315,PASS_SOURCE_BAR_PRICE
INV-0234,BILL,US,MOM_FAST,1d,LONG,2025-11-11T15:22:06Z,2025-11-12T14:56:57Z,0.9825347222,64.6332994629,67.3534199367,0.0420854342,0.1741702587,0.049705194,1,17106.3449040377,11.9744414328,719.9279534209,344156.0838686019,344876.0118220228,327049.7389645642,PASS_SOURCE_BAR_PRICE
INV-0235,META,US,US_BETA,1d,LONG,2025-11-11T15:23:54Z,2025-11-13T14:47:27Z,1.9746875,821.2530395858,794.1095548192,-0.0330513051,0.1723861481,0.061008852,1,21040.4895626404,14.7283426938,-695.4156397563,344876.0118220228,344180.5961822665,323835.5222593824,PASS_SOURCE_BAR_PRICE
INV-0236,PANW,US,MOM_FAST,1d,LONG,2025-11-11T15:13:11Z,2025-11-12T13:44:06Z,0.9381365741,251.1875270652,241.8559691055,-0.0371497664,0.1570843764,0.0549825563,1,18923.9290161137,13.2467503113,-703.0195428181,344180.5961822665,343477.5766394484,325256.6671661529,PASS_SOURCE_BAR_PRICE
INV-0237,IWM,US,MOM_SWING,1d,LONG,2025-11-11T15:04:19Z,2025-11-14T15:10:14Z,3.0041087963,294.3858024307,284.2608045054,-0.0343936353,0.1570768347,0.0553821491,1,19022.526353579,13.3157684475,-654.2538338246,343477.5766394484,342823.3228056238,324455.0502858693,PASS_SOURCE_BAR_PRICE
INV-0238,QQQ,US,MOM_SWING,1d,SHORT,2025-11-11T15:05:16Z,2025-11-14T14:58:48Z,2.9955092593,569.0597584508,551.8811656485,0.0301876781,0.8418717025,0.0982610719,1,33686.1871833595,23.5803310284,1016.9077747859,342823.3228056238,343840.2305804097,309137.1356222643,PASS_SOURCE_BAR_PRICE
INV-0239,FUBO,US,US_BETA,1d,SHORT,2025-11-11T15:04:53Z,2025-11-13T15:03:33Z,1.9990740741,1.1727504454,1.1302154551,0.0362694301,0.8384129017,0.0878742967,1,30214.7184359538,21.1503029052,1095.8706168481,343840.2305804097,344936.1011972578,313625.5121444559,PASS_SOURCE_BAR_PRICE
INV-0240,PANW,US,US_BETA,1d,SHORT,2025-11-11T15:06:27Z,2025-11-12T14:39:48Z,0.9814930556,251.1875270652,245.1494601501,0.0240380842,0.8429156236,0.0928174437,1,32016.0871437992,22.4112610007,769.6053971805,344936.1011972578,345705.7065944383,312920.0140534585,PASS_SOURCE_BAR_PRICE
INV-0241,PLTR,US,US_BETA,1d,SHORT,2025-11-11T15:22:18Z,2025-11-12T15:01:00Z,0.9852083333,200.0656478439,189.0271627838,0.0551743149,0.8307854327,0.0887624134,1,30685.6728322623,21.4799709826,1693.0609765735,345705.7065944383,347398.7675710118,315020.0337621759,PASS_SOURCE_BAR_PRICE
INV-0242,HOOD,US,US_BETA,1d,SHORT,2025-11-11T15:22:51Z,2025-11-13T15:12:40Z,1.9929282407,105.7907702647,98.4158185807,0.0697126192,0.8290383821,0.0842680726,1,29274.6245782667,20.4922372048,2040.8107558984,347398.7675710118,349439.5783269102,318124.1429927452,PASS_SOURCE_BAR_PRICE
INV-0243,COIN,US,US_BETA,1d,SHORT,2025-11-11T15:09:02Z,2025-11-13T14:55:45Z,1.990775463,323.8816128175,300.9845696265,0.0706957181,0.831452952,0.0819984594,1,28653.5070782479,20.0574549548,2025.6802584023,349439.5783269102,351465.2585853125,320786.0712486623,PASS_SOURCE_BAR_PRICE
INV-0244,META,US,MOM_FAST,1d,SHORT,2025-11-11T15:21:42Z,2025-11-17T15:16:03Z,5.9960763889,821.2530395858,788.4202053343,0.0399789501,0.8276138519,0.086791148,1,30504.0732757141,21.352851293,1219.52082194,351465.2585853125,352684.7794072526,320961.1853095985,PASS_SOURCE_BAR_PRICE
INV-0245,PANW,US,MOM_SWING,1d,SHORT,2025-11-11T15:21:23Z,2025-11-13T14:52:09Z,1.9796990741,251.1875270652,240.2092235832,0.0437056076,0.8429156236,0.0836174437,1,29490.599676552,20.6434197736,1288.9045761858,352684.7794072526,353973.6839834384,323194.1797307006,PASS_SOURCE_BAR_PRICE
INV-0246,JD,US,US_BETA,1d,SHORT,2025-11-11T15:05:42Z,2025-11-13T14:11:28Z,1.962337963,25.6937408125,24.8433623075,0.0330967184,0.8299668481,0.0959182098,1,33952.5220825768,23.7667654578,1123.7170632232,353973.6839834384,355097.4010466616,320021.1619008616,PASS_SOURCE_BAR_PRICE
INV-0247,PANW,US,MOM_FAST,1d,SHORT,2025-11-11T15:14:59Z,2025-11-12T14:44:18Z,0.9786921296,251.1875270652,241.8559691055,0.0371497664,0.8429156236,0.0944174437,1,33527.3888618945,23.4691722033,1245.534665106,355097.4010466616,356342.9357117676,321570.0121847671,PASS_SOURCE_BAR_PRICE
INV-0248,BTCUSDT-PERP,FUTURES,MOM_TIGHT,1d,SHORT,2025-11-11T22:30:53Z,2025-11-14T09:47:58Z,2.4701967593,102271.6554873448,97103.847734633,0.0505302053,0.8253045507,0.0861664457,1.35,30704.804233447,46.0572063502,1551.5200629831,356342.9357117676,357894.4557747506,333598.6362795846,PASS_SOURCE_BAR_PRICE
INV-0249,META,US,US_BETA,1d,SHORT,2025-11-11T15:05:30Z,2025-11-13T15:17:51Z,2.0085763889,821.2530395858,794.1095548192,0.0330513051,0.8276138519,0.083191148,1,29773.6506397326,20.8415554478,984.0580109065,357894.4557747506,358878.5137856571,328120.805135018,PASS_SOURCE_BAR_PRICE
INV-0250,IWM,US,MOM_SWING,1d,SHORT,2025-11-11T15:07:23Z,2025-11-14T15:05:30Z,2.9986921296,294.3858024307,284.2608045054,0.0343936353,0.8429231653,0.0836178509,1,30008.6500656917,21.006055046,1032.1065661021,358878.5137856571,359910.6203517591,328869.8637199654,PASS_SOURCE_BAR_PRICE
INV-0251,BILL,US,US_MICRO,1d,SHORT,2025-11-11T15:26:52Z,2025-11-12T14:52:55Z,0.9764236111,64.6332994629,67.217413913,-0.0399811625,0.8258297413,0.096194806,1,34621.532313509,24.2350726195,-1384.209110155,359910.6203517591,358526.4112416041,325289.0880382501,PASS_SOURCE_BAR_PRICE
INV-0252,BTCUSDT-PERP,FUTURES,MOM_TIGHT,1d,SHORT,2025-11-16T23:29:03Z,2025-11-19T09:46:35Z,2.4288425926,93550.1616591683,88216.9020782387,0.0570096244,0.8341294352,0.0811429895,1.35,29091.9048227844,43.6378572342,1658.5185677058,358526.4112416041,360184.9298093098,336976.8521136156,PASS_SOURCE_BAR_PRICE
INV-0253,BTCUSDT,CRYPTO,MOM_TIGHT,1d,LONG,2025-11-22T23:45:26Z,2025-11-24T09:54:59Z,1.4232986111,84182.1426991417,88113.2242549728,0.0466973331,0.154727927,0.0506553081,1.2,18245.2785767625,21.8943342921,852.005850581,360184.9298093098,361036.9356598908,344980.5309953411,PASS_SOURCE_BAR_PRICE
INV-0254,BTCUSDT,CRYPTO,MOM_FAST,1d,LONG,2025-11-22T23:27:12Z,2025-11-24T09:01:09Z,1.3985763889,84182.1426991417,88550.0110945096,0.0518859256,0.154727927,0.0529553081,1.2,19118.8221476073,22.9425865771,991.9977840627,361036.9356598908,362028.9334439535,345104.5838702181,PASS_SOURCE_BAR_PRICE
INV-0255,BTCUSDT,CRYPTO,MOM_TIGHT,1d,SHORT,2025-11-22T22:29:58Z,2025-11-24T08:57:07Z,1.4355208333,84182.1426991417,88113.2242549728,-0.0466973331,0.845272073,0.0955446919,1.2,34589.9429205735,41.5079315047,-1615.2580852959,362028.9334439535,360413.6753586576,333203.9810101422,PASS_SOURCE_BAR_PRICE
INV-0256,BTCUSDT,CRYPTO,CR_CARRY,1d,LONG,2025-11-23T23:49:38Z,2025-11-27T10:00:52Z,3.4244675926,86258.6485463193,90560.0479376447,0.049866297,0.1652596461,0.0578240209,1.2,20840.5678928475,25.0086814714,1039.241949183,360413.6753586576,361452.9173078407,343046.5354479514,PASS_SOURCE_BAR_PRICE
INV-0257,NFLX,US,MOM_SWING,1d,LONG,2025-11-25T15:10:40Z,2025-12-01T15:03:45Z,5.9951967593,148.8833236159,154.8654783375,0.040180153,0.189581724,0.0552374131,1,19965.7241071225,13.976006875,802.2258493117,361452.9173078407,362255.1431571523,341487.1932007181,PASS_SOURCE_BAR_PRICE
INV-0258,ETHUSDT,CRYPTO,MOM_TIGHT,1d,LONG,2025-11-30T22:23:04Z,2025-12-01T08:58:20Z,0.4411574074,2815.6557516077,2598.2347490548,-0.0772186026,0.1731318915,0.0535491221,1.2,19398.4449063315,23.2781338876,-1497.9208083565,362255.1431571523,360757.2223487959,346089.772401876,PASS_SOURCE_BAR_PRICE
INV-0259,UNH,US,MOM_SWING,1d,LONG,2025-12-01T15:17:45Z,2025-12-03T14:15:11Z,1.9565509259,474.5403520111,490.6432535487,0.0339336823,0.181582951,0.0640054794,1,23090.4389462014,16.1633072623,783.5436190711,360757.2223487959,361540.7659678669,337666.7834025944,PASS_SOURCE_BAR_PRICE
INV-0260,MDB,US,US_BETA,1d,LONG,2025-12-04T15:10:37Z,2025-12-08T13:51:38Z,3.945150463,420.5301495881,437.3395130601,0.0399718391,0.1794320141,0.0544893288,1,19700.1136575887,13.7900795603,787.4497731818,361540.7659678669,362328.2157410487,341840.6523102782,PASS_SOURCE_BAR_PRICE
INV-0261,BTCUSDT-PERP,FUTURES,MOM_SWING,1d,LONG,2025-12-06T23:30:01Z,2025-12-09T08:48:18Z,2.3876967593,88561.3730651114,93037.1813306646,0.0505390568,0.1577791265,0.0445200728,1.35,16130.878552823,24.1963178292,815.2393877665,362328.2157410487,363143.4551288151,350379.4168130317,PASS_SOURCE_BAR_PRICE
INV-0262,BTCUSDT-PERP,FUTURES,MOM_FAST,1d,LONG,2025-12-06T22:40:09Z,2025-12-09T09:42:08Z,2.4597106481,88561.3730651114,92291.2132864057,0.0421158807,0.1577791265,0.0419200728,1.35,15223.0000864045,22.8345001296,641.1300553041,363143.4551288151,363784.5851841192,351867.1587685155,PASS_SOURCE_BAR_PRICE
INV-0263,BTCUSDT,CRYPTO,MOM_SWING,1d,LONG,2025-12-06T23:38:59Z,2025-12-09T09:45:42Z,2.4213310185,88649.6015894472,93094.3358334556,0.0501382315,0.1579256393,0.0434279845,1.2,15798.4313355196,18.9581176026,792.1054071264,363784.5851841192,364576.6905912456,350619.2257378529,PASS_SOURCE_BAR_PRICE
INV-0264,ETHUSDT-PERP,FUTURES,MOM_FAST,1d,SHORT,2025-12-06T23:48:51Z,2025-12-09T09:45:28Z,2.4143171296,2869.5641750754,3043.9893566827,-0.0607845551,0.8352031918,0.0836009724,1.35,30478.9658320473,45.7184487481,-1852.6503768888,364576.6905912456,362724.0402143568,341999.6788638032,PASS_SOURCE_BAR_PRICE
INV-0265,BTCUSDT-PERP,FUTURES,MOM_SWING,1d,SHORT,2025-12-06T22:22:57Z,2025-12-09T08:52:02Z,2.4368634259,88561.3730651114,93037.1813306646,-0.0505390568,0.8422208735,0.0782799272,1.35,28394.0114511208,42.5910171767,-1435.0065581267,362724.0402143568,361289.0336562301,341691.4391394525,PASS_SOURCE_BAR_PRICE
INV-0266,BTCUSDT,CRYPTO,MOM_SWING,1d,SHORT,2025-12-06T22:23:03Z,2025-12-09T08:32:58Z,2.4235532407,88649.6015894472,93094.3358334556,-0.0501382315,0.8420743607,0.0775720155,1.2,28025.9185100168,33.631102212,-1405.1699893493,361289.0336562301,359883.8636668809,337934.1015645495,PASS_SOURCE_BAR_PRICE
INV-0267,ETHUSDT-PERP,FUTURES,MOM_TIGHT,1d,SHORT,2025-12-07T22:50:57Z,2025-12-09T09:09:09Z,1.4293055556,2889.9859334059,3050.7154628303,-0.0556160248,0.8334729031,0.0928075368,1.35,33399.9349094825,50.0999023642,-1857.5716091742,359883.8636668809,358026.2920577067,335143.1711413383,PASS_SOURCE_BAR_PRICE
INV-0268,ETHUSDT-PERP,FUTURES,MOM_FAST,1d,SHORT,2025-12-08T23:53:12Z,2025-12-09T08:49:15Z,0.3722569444,2951.411860823,3126.7770839241,-0.0594174014,0.7964828902,0.0856100761,1.35,30650.6580991289,45.9759871487,-1821.1824540992,358026.2920577067,356205.1096036075,335322.1008731668,PASS_SOURCE_BAR_PRICE
INV-0269,BTCUSDT-PERP,FUTURES,MOM_SWING,1d,SHORT,2025-12-13T22:22:55Z,2025-12-20T09:52:29Z,6.4788657407,89548.4871876707,87691.3186438695,0.0207392509,0.8447514816,0.09331658,1.35,33239.8426098867,49.8597639148,689.3694358745,356205.1096036075,356894.4790394821,331583.0039666544,PASS_SOURCE_BAR_PRICE
INV-0270,ETHUSDT,CRYPTO,CR_CARRY,1d,SHORT,2025-12-20T22:28:16Z,2025-12-26T09:02:14Z,5.4402546296,2803.1082996413,2756.1000662429,0.0167700382,0.8300715742,0.080623865,1.2,28774.2123000126,34.52905476,482.5446408286,356894.4790394821,357377.0236803106,332915.9687894715,PASS_SOURCE_BAR_PRICE
INV-0271,ETHUSDT-PERP,FUTURES,MOM_TIGHT,1d,SHORT,2025-12-20T22:52:00Z,2025-12-23T10:02:00Z,2.4652777778,2812.8727691407,2800.3513300903,0.0044514772,0.830277684,0.0748349949,1.35,26744.3077577168,40.1164616366,119.0516767084,357377.0236803106,357496.0753570191,337566.4253412611,PASS_SOURCE_BAR_PRICE
INV-0272,ETHUSDT-PERP,FUTURES,MOM_TIGHT,1d,SHORT,2025-12-21T22:41:19Z,2025-12-24T08:43:47Z,2.4183796296,2835.6287127131,2784.229386679,0.0181262539,0.8296593619,0.0817016055,1.35,29208.0033324836,43.8120049987,529.4316845365,357496.0753570191,358025.5070415555,335860.5173329571,PASS_SOURCE_BAR_PRICE
INV-0273,MU,US,US_BETA,1d,LONG,2025-12-22T15:24:45Z,2025-12-24T14:03:50Z,1.9438078704,312.3906062413,323.7866119428,0.0364799884,0.1872248599,0.0583101424,1,20876.518311314,14.6135628179,761.5751464665,358025.5070415555,358787.082188022,337148.9887302415,PASS_SOURCE_BAR_PRICE
INV-0274,PDD,US,VOL_BREAK,1d,LONG,2025-12-22T15:13:20Z,2025-12-26T15:11:19Z,3.998599537,114.4037457079,118.0899855994,0.0322213217,0.180879233,0.0597674786,1,21443.7992504446,15.0106594753,690.9475536196,358787.082188022,359478.0297416415,337343.2829375773,PASS_SOURCE_BAR_PRICE
INV-0275,PDD,US,MOM_SWING,1d,LONG,2025-12-22T15:09:53Z,2025-12-26T14:16:26Z,3.9628819444,114.4037457079,118.6165912982,0.0368243676,0.180879233,0.0583674786,1,20981.8262019191,14.6872783413,772.6424816195,359478.0297416415,360250.672223261,338496.2035397224,PASS_SOURCE_BAR_PRICE
INV-0276,BABA,US,MOM_SWING,1d,SHORT,2025-12-22T15:20:35Z,2025-12-31T15:14:44Z,8.9959375,117.0061127105,113.6112612686,0.0290143084,0.8196352348,0.0979603027,1,35290.2648905995,24.7031854234,1023.9226299737,360250.672223261,361274.5948532347,324960.4073326615,PASS_SOURCE_BAR_PRICE
INV-0277,CELH,US,MOM_FAST,1d,LONG,2025-12-23T15:26:55Z,2025-12-29T15:17:25Z,5.9934027778,44.9100504346,46.8525099556,0.0432522231,0.172891803,0.0550361574,1,19883.1654528441,13.918215817,859.9911081888,361274.5948532347,362134.5859614235,341391.4294003906,PASS_SOURCE_BAR_PRICE
INV-0278,XPEV,US,MOM_TIGHT,1d,LONG,2025-12-23T15:25:58Z,2025-12-26T15:06:41Z,2.9866087963,13.3006438336,13.859288123,0.0420012968,0.1866822533,0.0649808417,1,23531.8101966557,16.4722671377,988.3665445511,362134.5859614235,363122.9525059746,338602.7757647678,PASS_SOURCE_BAR_PRICE
INV-0279,NIO,US,US_BETA,1d,LONG,2025-12-23T15:20:07Z,2025-12-26T14:55:16Z,2.9827430556,2.4757080317,2.5680138967,0.0372846328,0.1868246365,0.0533885304,1,19386.6007784677,13.5706205449,722.8222917421,363122.9525059746,363845.7747977166,343736.3517275068,PASS_SOURCE_BAR_PRICE
INV-0280,PDD,US,MOM_SWING,1d,LONG,2025-12-23T15:21:24Z,2025-12-26T15:15:38Z,2.9959953704,114.5570882319,118.617101346,0.0354409594,0.1787859297,0.0568544402,1,20686.2478467524,14.4803734927,733.1404702708,363845.7747977166,364578.9152679874,343159.5269509642,PASS_SOURCE_BAR_PRICE
INV-0281,SOUN,US,US_BETA,1d,SHORT,2025-12-23T15:14:48Z,2025-12-26T15:16:13Z,3.0009837963,11.1673169946,10.8627538038,0.0272727273,0.8068578019,0.0829703213,1,30249.2297402124,21.1744608181,824.9789929149,364578.9152679874,365403.8942609023,334329.685527775,PASS_SOURCE_BAR_PRICE
INV-0282,LCID,US,US_BETA,1d,SHORT,2025-12-23T15:25:29Z,2025-12-26T14:08:04Z,2.9462384259,12.7839860337,12.5421565473,0.018916595,0.8159755976,0.0884626823,1,32324.6085987126,22.6272260191,611.4715298123,365403.8942609023,366015.3657907146,333079.2856621897,PASS_SOURCE_BAR_PRICE
INV-0283,CRWD,US,MOM_SWING,1d,SHORT,2025-12-23T15:20:26Z,2025-12-31T14:49:21Z,7.9784143519,490.8825126207,480.5490072176,0.0210508729,0.8175903607,0.0974498795,1,35668.1532829922,24.9677072981,750.8457628698,366015.3657907146,366766.2115535843,330347.2125077224,PASS_SOURCE_BAR_PRICE
INV-0284,IWM,US,MOM_FAST,1d,SHORT,2025-12-23T15:20:52Z,2025-12-30T13:53:30Z,6.9393287037,303.8354613361,298.9539411108,0.0160663281,0.8320522765,0.0905308229,1,33203.6469551642,23.2425528686,533.4606877516,366766.2115535843,367299.6722413359,333562.5645984201,PASS_SOURCE_BAR_PRICE
INV-0285,XPEV,US,US_BETA,1d,SHORT,2025-12-23T15:08:54Z,2025-12-26T14:18:25Z,2.9649421296,13.3006438336,13.8282523291,-0.0396678914,0.8133177467,0.0836191583,1,30713.2894445962,21.4993026112,-1218.3314312034,367299.6722413359,366081.3408101324,336586.3827967397,PASS_SOURCE_BAR_PRICE
INV-0286,NIO,US,US_BETA,1d,SHORT,2025-12-23T15:21:35Z,2025-12-26T13:52:08Z,2.9378819444,2.4757080317,2.5680138967,-0.0372846328,0.8131753635,0.0916114696,1,33537.2496351742,23.4760747446,-1250.4240385941,366081.3408101324,364830.9167715384,332544.0911749583,PASS_SOURCE_BAR_PRICE
INV-0287,CELH,US,MOM_FAST,1d,SHORT,2025-12-23T15:13:31Z,2025-12-29T14:59:49Z,5.9904861111,44.9100504346,46.8525099556,-0.0432522231,0.827108197,0.0831638426,1,30340.7409522606,21.2385186666,-1312.304496821,364830.9167715384,363518.6122747174,334490.1758192778,PASS_SOURCE_BAR_PRICE
INV-0288,PDD,US,MOM_SWING,1d,LONG,2025-12-24T15:16:47Z,2025-12-26T14:46:54Z,1.9792476852,115.9678394523,120.0182493878,0.0349270104,0.177244753,0.0518712167,1,18856.1526987875,13.1993068892,658.5890415528,363518.6122747174,364177.2013162702,344662.4595759299,PASS_SOURCE_BAR_PRICE
INV-0289,IWM,US,MOM_SWING,1d,SHORT,2025-12-24T15:17:03Z,2025-12-31T14:05:05Z,6.9500231481,304.5948089267,296.7000046116,0.0259190376,0.8357918879,0.0882327619,1,32132.3603099333,22.492652217,832.8398560803,364177.2013162702,365010.0411723505,332044.8410063369,PASS_SOURCE_BAR_PRICE
INV-0290,SPY,US,MOM_SWING,1d,SHORT,2025-12-24T15:25:50Z,2025-12-31T14:17:41Z,6.9526736111,623.4012959598,615.7620610981,0.0122541209,0.8360949136,0.0876491253,1,31992.8108470589,22.3949675929,392.0437726558,365010.0411723505,365402.0849450064,333017.2303252916,PASS_SOURCE_BAR_PRICE
INV-0291,PDD,US,MOM_SWING,1d,SHORT,2025-12-24T15:15:19Z,2025-12-26T13:49:02Z,1.9400810185,115.9678394523,120.0182493878,-0.0349270104,0.822755247,0.0823287833,1,30083.1090818707,21.0581763573,-1050.7130639875,365402.0849450064,364351.3718810189,335318.9758631357,PASS_SOURCE_BAR_PRICE
INV-0292,CELH,US,MOM_TIGHT,1d,SHORT,2025-12-24T15:12:24Z,2025-12-29T14:14:21Z,4.9596875,45.0207903034,46.6933172344,-0.0371501015,0.8289272451,0.0979620712,1,35692.6150466029,24.9848305326,-1325.9842731123,364351.3718810189,363025.3876079067,328658.756834416,PASS_SOURCE_BAR_PRICE
INV-0293,CELH,US,US_BETA,1d,SHORT,2025-12-24T15:20:15Z,2025-12-29T14:07:46Z,4.9496643519,45.0207903034,46.6003990716,-0.035086207,0.8289272451,0.0914620712,1,33203.053861333,23.2421377029,-1164.9692210576,363025.3876079067,361860.4183868491,329822.3337465737,PASS_SOURCE_BAR_PRICE
INV-0294,ETHUSDT,CRYPTO,MOM_FAST,1d,LONG,2025-12-25T23:34:20Z,2025-12-29T08:28:38Z,3.3710416667,2733.4713531693,2876.5477830176,0.0523423923,0.1688632132,0.0571186135,1.2,20668.9653837258,24.8027584605,1081.8630940954,361860.4183868491,362942.2814809445,344636.2805670776,PASS_SOURCE_BAR_PRICE
INV-0295,ETHUSDT,CRYPTO,MOM_FAST,1d,SHORT,2025-12-25T22:53:52Z,2025-12-29T09:30:46Z,3.4422916667,2733.4713531693,2876.5477830176,-0.0523423923,0.8311367868,0.0824813865,1.2,29935.9825910677,35.9231791093,-1566.9209440091,362942.2814809445,361375.3605369354,337995.6293217214,PASS_SOURCE_BAR_PRICE
INV-0296,ETHUSDT-PERP,FUTURES,MOM_FAST,1d,SHORT,2025-12-25T22:37:55Z,2025-12-29T08:46:21Z,3.4225231481,2742.733810173,2887.6994551652,-0.0528544347,0.8313648847,0.0895937038,1.35,32376.9570028319,48.5654355042,-1711.2657587802,361375.3605369354,359664.0947781552,337392.4294237266,PASS_SOURCE_BAR_PRICE
INV-0297,DIA,US,US_BETA,1d,SHORT,2025-12-26T15:08:20Z,2025-12-30T15:12:06Z,4.0026157407,474.6145123161,471.2622056361,0.0070632199,0.8393398312,0.0863243509,1,31047.7695178818,21.7334386625,219.2972242809,359664.0947781552,359883.3920024361,328616.3252602734,PASS_SOURCE_BAR_PRICE
INV-0298,IWM,US,US_BETA,1d,SHORT,2025-12-26T15:15:09Z,2025-12-30T14:12:35Z,3.9565509259,303.0399543364,298.9539411108,0.0134834142,0.8314927142,0.0943006066,1,33937.2221593156,23.7560555115,457.5896234193,359883.3920024361,360340.9816258554,325946.1698431205,PASS_SOURCE_BAR_PRICE
INV-0299,PANW,US,US_BETA,1d,SHORT,2025-12-26T15:17:11Z,2025-12-30T14:14:03Z,3.9561574074,216.870341666,215.029043992,0.0084903157,0.8262362174,0.0881167557,1,31752.0782601779,22.2264547821,269.5851696274,360340.9816258554,360610.5667954828,328588.9033656775,PASS_SOURCE_BAR_PRICE
INV-0300,XPEV,US,US_BETA,1d,LONG,2025-12-29T15:21:45Z,2025-12-30T14:07:56Z,0.9487384259,13.8407715019,14.3630979364,0.0377382456,0.1826021885,0.0610605182,1,22019.0680694941,15.4133476486,830.9609989957,360610.5667954828,361441.5277944785,338591.4987259886,PASS_SOURCE_BAR_PRICE
INV-0301,DIA,US,US_BETA,1d,SHORT,2025-12-29T15:06:06Z,2025-12-31T14:10:48Z,1.9615972222,472.2367133919,468.3191922135,0.0082956726,0.8350498038,0.0883926894,1,31948.788703893,22.3641520927,265.0366920276,361441.5277944785,361706.5644865061,329492.7390905856,PASS_SOURCE_BAR_PRICE
INV-0302,MSFT,US,MOM_FAST,1d,SHORT,2025-12-29T15:04:48Z,2025-12-31T14:16:50Z,1.9666898148,514.7175144072,511.0402059487,0.0071443235,0.8280996906,0.0871173833,1,31510.9294178411,22.0576505925,225.1242750443,361706.5644865061,361931.6887615504,330195.635068665,PASS_SOURCE_BAR_PRICE